data;local;velocidade_vento;terreno;correnteza;visibilidade;obstaculos;risco
23/12/2021 14:46;0;39;seco;72;20;TRUE;3
17/03/2021 08:38;43;53;seco;57;74;TRUE;3
12/04/2026 16:13;25;16;telhado;67;21;TRUE;4
16/04/2020 16:36;36;24;navegavel;78;96;FALSE;1
06/09/2023 20:00;22;53;navegavel;28;54;TRUE;2
20/06/2020 07:29;11;14;seco;87;60;FALSE;1
09/02/2025 04:57;25;5;asfalto molhado;85;10;FALSE;3
26/03/2020 22:01;21;83;navegavel;92;14;TRUE;4
28/01/2023 22:43;8;81;lama;43;88;TRUE;3
15/07/2022 12:32;5;6;telhado;82;76;FALSE;2
15/05/2021 02:12;0;90;navegavel;28;14;FALSE;2
18/11/2023 12:39;37;1;navegavel;59;97;TRUE;2
12/03/2020 02:41;18;72;navegavel;55;97;FALSE;2
26/09/2024 22:51;45;90;seco;54;42;FALSE;3
17/01/2021 21:31;23;30;asfalto molhado;30;21;FALSE;2
13/09/2023 10:07;30;4;asfalto molhado;43;87;TRUE;2
28/06/2025 18:59;26;19;seco;17;44;FALSE;1
16/05/2025 14:48;47;5;lama;37;68;FALSE;1
14/08/2020 04:16;39;77;lama;7;83;TRUE;3
10/07/2024 20:01;48;7;lama;49;52;FALSE;1
01/06/2024 05:45;32;84;lama;61;7;FALSE;4
28/03/2022 02:50;19;48;telhado;35;14;FALSE;2
21/05/2021 02:57;31;42;lama;43;79;TRUE;2
15/02/2026 21:17;10;34;lama;48;33;FALSE;2
24/11/2025 12:26;23;38;seco;17;48;FALSE;1
14/08/2025 10:43;13;90;telhado;48;12;TRUE;4
06/11/2020 22:59;38;76;lama;26;72;FALSE;2
06/10/2024 05:36;28;35;navegavel;69;68;TRUE;2
07/12/2020 23:56;38;33;asfalto molhado;43;95;FALSE;1
05/03/2026 18:53;15;21;lama;46;89;FALSE;1
26/05/2020 17:50;0;71;asfalto molhado;61;32;TRUE;5
08/01/2023 12:10;29;51;navegavel;34;3;FALSE;2
19/04/2026 20:38;16;88;seco;69;18;FALSE;3
03/04/2021 22:45;42;56;navegavel;86;82;FALSE;2
08/01/2022 13:34;25;34;navegavel;5;82;FALSE;0
16/07/2020 18:05;46;40;navegavel;28;6;FALSE;1
30/12/2023 06:59;43;11;lama;98;63;FALSE;2
10/05/2023 18:49;14;75;seco;99;96;TRUE;3
07/07/2022 02:53;43;12;lama;23;88;FALSE;1
22/01/2022 03:48;4;8;telhado;10;37;FALSE;2
15/07/2024 21:23;1;29;asfalto molhado;99;90;FALSE;2
03/12/2024 04:13;1;31;asfalto molhado;93;2;FALSE;3
08/08/2021 12:44;11;32;navegavel;12;11;TRUE;2
16/05/2022 12:21;2;13;lama;95;11;FALSE;3
11/09/2025 21:37;23;34;seco;88;42;FALSE;2
25/08/2020 17:58;25;71;asfalto molhado;62;81;FALSE;3
04/01/2025 19:50;45;49;lama;84;44;FALSE;3
17/08/2025 13:56;41;16;lama;32;29;FALSE;2
02/01/2022 13:27;13;59;asfalto molhado;35;57;FALSE;2
15/07/2023 19:37;35;82;asfalto molhado;63;20;FALSE;4
18/04/2021 02:08;15;66;navegavel;82;63;FALSE;2
01/07/2022 10:11;12;72;lama;70;9;TRUE;5
16/05/2020 23:19;40;65;asfalto molhado;29;10;FALSE;3
06/12/2024 20:32;44;49;lama;40;62;FALSE;1
26/03/2025 11:02;4;58;asfalto molhado;31;22;FALSE;3
26/07/2020 00:58;13;17;telhado;54;98;TRUE;3
10/07/2025 18:57;35;22;seco;14;76;FALSE;0
07/10/2023 09:08;43;80;telhado;4;1;FALSE;3
20/02/2025 20:28;19;41;lama;97;2;TRUE;4
15/06/2021 12:38;37;61;asfalto molhado;34;84;FALSE;2
14/04/2026 21:31;27;48;asfalto molhado;31;82;FALSE;1
08/08/2024 14:39;23;91;seco;55;25;FALSE;3
13/02/2024 10:36;34;47;telhado;10;19;FALSE;2
30/08/2022 09:17;39;38;lama;85;31;FALSE;3
01/06/2024 23:24;48;49;seco;80;96;FALSE;1
20/04/2021 06:11;18;53;navegavel;13;7;FALSE;2
09/04/2023 21:37;21;47;asfalto molhado;81;14;FALSE;3
17/12/2023 11:08;26;21;lama;64;39;FALSE;3
16/07/2024 04:47;25;3;lama;78;99;TRUE;3
14/09/2020 04:29;30;13;telhado;90;0;FALSE;3
27/01/2022 20:39;32;57;seco;8;81;FALSE;1
17/08/2022 21:39;46;19;lama;19;65;TRUE;2
08/03/2023 13:10;47;82;telhado;57;36;FALSE;4
14/03/2024 23:08;21;33;telhado;36;10;FALSE;2
25/01/2026 05:11;36;21;navegavel;2;37;FALSE;1
23/12/2023 04:24;44;64;seco;54;12;FALSE;3
30/12/2022 22:09;48;7;lama;6;31;FALSE;2
28/12/2024 15:03;2;34;telhado;4;60;FALSE;1
07/12/2020 07:48;12;55;lama;74;86;FALSE;3
19/11/2024 15:19;20;75;seco;59;11;TRUE;4
17/04/2021 09:07;14;74;asfalto molhado;0;46;TRUE;4
01/10/2021 03:21;29;45;asfalto molhado;58;54;FALSE;2
14/02/2025 05:11;25;40;navegavel;28;97;FALSE;0
07/02/2024 22:24;24;63;navegavel;30;20;TRUE;3
13/07/2021 11:10;1;67;lama;4;39;TRUE;4
01/09/2021 07:31;1;28;navegavel;69;23;FALSE;2
07/01/2021 12:04;4;24;navegavel;9;7;FALSE;1
08/08/2021 02:04;8;42;lama;58;53;FALSE;2
27/03/2024 10:33;9;44;asfalto molhado;46;14;FALSE;2
29/03/2026 20:57;18;88;asfalto molhado;11;57;FALSE;2
27/07/2025 13:44;41;62;lama;45;6;FALSE;3
08/04/2022 18:27;16;15;telhado;41;27;TRUE;3
07/01/2020 22:40;39;81;lama;57;98;FALSE;3
14/11/2022 16:54;23;36;telhado;4;74;TRUE;2
15/02/2026 08:47;48;63;seco;57;24;TRUE;4
05/03/2020 01:24;1;27;navegavel;54;63;FALSE;1
05/12/2021 00:17;30;56;asfalto molhado;84;72;FALSE;3
18/05/2021 11:06;22;88;telhado;0;9;FALSE;3
30/07/2025 17:06;17;8;asfalto molhado;25;48;FALSE;2
09/12/2022 20:26;39;48;telhado;67;99;FALSE;2
11/07/2024 04:41;30;78;lama;2;72;TRUE;3
29/06/2021 16:35;9;77;navegavel;1;15;TRUE;3
11/01/2020 20:36;12;36;lama;9;45;TRUE;3
29/06/2024 20:50;25;21;asfalto molhado;84;0;FALSE;3
01/05/2020 20:53;18;41;navegavel;81;70;FALSE;1
25/08/2024 15:44;29;45;telhado;55;52;TRUE;3
05/12/2025 17:16;8;77;lama;54;36;TRUE;5
11/02/2022 10:54;47;75;navegavel;61;71;TRUE;3
28/07/2025 08:00;8;13;seco;31;28;TRUE;2
19/03/2023 19:39;18;69;asfalto molhado;33;79;FALSE;2
22/09/2021 21:14;46;11;lama;87;95;TRUE;3
14/02/2024 10:04;43;18;asfalto molhado;87;91;TRUE;3
15/11/2024 20:51;32;3;telhado;13;48;FALSE;2
30/04/2020 23:51;22;28;asfalto molhado;78;73;FALSE;2
14/10/2023 18:17;27;96;lama;61;96;FALSE;3
05/04/2026 04:14;36;36;telhado;55;14;TRUE;4
26/04/2020 05:50;3;2;seco;83;21;TRUE;3
19/03/2021 06:57;47;89;seco;82;24;FALSE;3
22/03/2022 11:28;1;94;lama;48;66;FALSE;2
29/10/2021 10:16;1;12;lama;76;75;FALSE;2
03/03/2023 04:35;6;74;lama;94;9;TRUE;5
30/08/2024 00:11;23;29;telhado;72;2;TRUE;4
30/06/2021 17:06;26;36;lama;27;55;FALSE;1
08/01/2023 15:38;24;77;lama;26;74;TRUE;3
24/03/2024 04:51;27;21;telhado;63;54;TRUE;3
29/07/2024 15:06;39;23;navegavel;97;67;FALSE;1
25/09/2024 23:35;20;26;navegavel;68;94;TRUE;2
01/07/2025 14:48;36;92;seco;37;94;TRUE;2
25/03/2022 04:28;24;96;asfalto molhado;53;97;FALSE;3
29/09/2020 08:00;41;41;telhado;42;16;FALSE;2
25/12/2020 17:45;5;4;telhado;89;82;FALSE;2
08/06/2020 21:56;47;15;telhado;23;12;FALSE;2
11/03/2020 20:08;17;84;seco;30;86;FALSE;1
28/02/2026 08:03;0;55;lama;49;91;TRUE;3
19/10/2025 21:51;34;34;telhado;39;12;TRUE;3
06/11/2024 15:55;39;3;telhado;2;11;FALSE;2
04/03/2022 08:17;28;45;asfalto molhado;71;79;FALSE;2
05/09/2024 11:10;33;91;asfalto molhado;80;69;FALSE;3
25/05/2023 06:11;30;42;asfalto molhado;70;74;TRUE;3
18/09/2022 19:47;44;14;lama;2;97;FALSE;1
05/08/2021 01:59;30;59;asfalto molhado;78;83;FALSE;3
18/03/2026 14:39;19;33;seco;71;6;FALSE;2
24/05/2020 09:42;4;64;lama;95;12;FALSE;4
27/06/2022 22:53;40;94;lama;28;35;FALSE;3
18/03/2020 13:56;18;66;seco;62;92;FALSE;2
28/08/2020 15:48;25;94;lama;88;50;FALSE;3
13/08/2020 04:23;27;18;asfalto molhado;3;33;FALSE;2
08/02/2026 23:19;20;6;seco;53;15;FALSE;2
23/02/2021 04:15;11;32;lama;61;32;FALSE;3
19/03/2020 10:48;12;21;navegavel;59;44;FALSE;2
17/02/2023 11:13;7;4;seco;71;32;FALSE;2
29/07/2023 14:45;24;61;lama;2;75;FALSE;2
06/09/2022 22:36;19;45;asfalto molhado;15;58;FALSE;1
24/07/2025 18:40;11;25;navegavel;7;14;FALSE;1
20/12/2020 00:30;44;99;lama;84;51;FALSE;3
07/08/2022 01:41;16;31;navegavel;35;83;TRUE;1
09/12/2021 02:24;44;77;telhado;73;93;FALSE;3
09/04/2020 14:50;34;74;asfalto molhado;50;41;FALSE;3
01/06/2024 03:41;17;54;navegavel;41;27;TRUE;3
24/09/2024 01:29;33;74;seco;96;56;FALSE;2
04/12/2025 21:17;33;4;navegavel;0;99;FALSE;0
31/05/2024 06:04;40;13;asfalto molhado;40;10;TRUE;3
02/12/2023 11:05;18;16;lama;21;62;FALSE;1
19/12/2025 09:17;15;53;telhado;39;29;TRUE;4
10/02/2021 15:51;24;52;asfalto molhado;58;25;FALSE;4
07/09/2022 10:16;6;37;telhado;55;36;FALSE;3
04/09/2023 02:50;25;9;lama;30;78;FALSE;1
20/02/2020 03:30;43;61;navegavel;83;49;TRUE;4
30/04/2025 06:45;41;73;navegavel;50;7;FALSE;2
08/08/2025 03:24;26;41;seco;4;27;TRUE;2
01/10/2022 14:28;40;23;seco;56;82;FALSE;1
01/12/2025 14:54;21;77;lama;19;34;FALSE;3
26/04/2021 19:07;4;20;seco;92;71;FALSE;1
02/02/2025 06:50;39;1;asfalto molhado;57;40;FALSE;3
15/01/2023 00:18;2;78;seco;74;15;FALSE;3
03/04/2020 05:20;14;67;lama;23;16;FALSE;3
21/11/2020 15:50;24;3;asfalto molhado;26;34;FALSE;2
12/04/2022 22:20;24;27;lama;56;25;TRUE;4
02/02/2020 00:56;3;72;telhado;47;46;FALSE;3
01/06/2021 14:04;5;39;asfalto molhado;37;3;FALSE;2
09/07/2025 22:46;13;5;seco;36;42;TRUE;2
20/12/2025 16:56;18;76;seco;86;59;TRUE;3
08/06/2024 02:24;22;79;telhado;97;98;FALSE;3
09/04/2022 09:12;41;6;telhado;60;67;FALSE;2
25/09/2021 19:18;48;2;seco;0;75;TRUE;1
08/10/2021 12:17;36;28;lama;42;74;FALSE;1
28/04/2024 19:25;33;96;asfalto molhado;90;85;TRUE;4
22/11/2023 04:05;6;14;asfalto molhado;59;47;FALSE;3
10/05/2022 20:21;0;54;telhado;85;41;TRUE;5
01/03/2021 06:27;4;8;lama;74;35;FALSE;3
14/11/2025 07:00;3;21;navegavel;81;11;FALSE;2
08/02/2022 19:01;33;11;asfalto molhado;32;39;FALSE;2
06/04/2024 06:47;13;12;navegavel;88;33;TRUE;3
08/02/2021 01:59;42;94;seco;17;35;TRUE;3
26/03/2024 00:51;12;65;asfalto molhado;62;9;FALSE;4
01/03/2022 01:27;30;27;seco;94;40;FALSE;2
01/06/2024 10:15;29;46;lama;4;76;FALSE;1
15/05/2025 07:42;33;73;navegavel;37;22;TRUE;3
09/05/2021 00:01;49;32;navegavel;29;48;FALSE;1
04/01/2023 17:43;29;21;asfalto molhado;12;11;FALSE;2
27/01/2023 13:33;47;81;lama;15;61;TRUE;3
06/03/2024 06:28;49;28;seco;25;32;TRUE;2
26/04/2022 00:52;5;72;telhado;53;15;FALSE;4
17/02/2026 14:28;22;97;navegavel;10;28;FALSE;2
25/07/2025 18:01;47;44;navegavel;10;3;TRUE;2
07/03/2023 00:40;33;8;seco;85;42;FALSE;2
07/08/2021 07:43;47;55;asfalto molhado;80;81;TRUE;4
20/01/2025 10:11;37;4;asfalto molhado;42;42;FALSE;2
07/01/2022 17:14;43;42;telhado;9;55;FALSE;1
30/05/2021 18:06;40;90;telhado;26;74;FALSE;2
31/07/2022 14:29;40;99;asfalto molhado;80;15;FALSE;4
02/11/2021 23:28;45;28;telhado;92;30;FALSE;3
25/08/2023 21:38;28;57;asfalto molhado;61;51;TRUE;4
25/05/2020 03:20;11;33;navegavel;55;22;FALSE;2
26/02/2021 23:33;26;93;asfalto molhado;14;18;FALSE;3
11/07/2025 20:50;8;73;lama;75;59;FALSE;3
17/06/2021 15:03;29;84;navegavel;2;84;TRUE;2
17/10/2024 15:08;7;29;navegavel;28;89;TRUE;1
09/02/2026 05:11;11;90;lama;56;88;FALSE;3
02/10/2025 19:40;20;36;telhado;93;8;FALSE;3
21/03/2024 01:59;17;26;asfalto molhado;54;97;TRUE;3
27/03/2023 05:56;0;16;navegavel;15;41;FALSE;1
20/09/2023 20:14;49;40;seco;60;2;FALSE;2
31/07/2024 21:13;22;29;lama;81;31;FALSE;3
12/02/2022 17:53;24;15;telhado;25;44;FALSE;2
27/01/2020 12:57;39;42;telhado;94;63;FALSE;2
12/06/2021 01:48;38;30;telhado;84;87;FALSE;2
30/07/2023 08:36;8;67;lama;48;44;FALSE;3
03/08/2025 14:09;21;91;lama;17;59;TRUE;3
26/02/2024 21:32;44;46;asfalto molhado;34;92;FALSE;1
02/07/2020 16:41;46;30;seco;2;43;FALSE;1
12/07/2022 20:44;41;19;asfalto molhado;73;57;TRUE;3
30/08/2025 07:54;19;71;telhado;77;35;FALSE;4
20/04/2026 08:59;38;0;lama;33;91;TRUE;2
19/07/2024 02:18;37;70;asfalto molhado;63;38;FALSE;4
12/05/2025 07:12;49;15;asfalto molhado;27;68;FALSE;1
24/10/2024 11:43;20;65;asfalto molhado;33;70;FALSE;2
15/06/2025 00:15;22;99;lama;51;12;TRUE;5
29/05/2025 08:18;35;95;seco;56;56;TRUE;3
17/03/2026 21:30;31;2;navegavel;79;88;FALSE;1
19/04/2022 08:50;11;66;seco;19;5;TRUE;3
08/04/2021 22:17;9;77;navegavel;48;68;FALSE;1
12/12/2022 14:35;46;5;lama;23;96;FALSE;1
10/09/2025 21:10;7;4;asfalto molhado;23;49;TRUE;3
23/07/2021 12:14;7;96;telhado;43;51;FALSE;2
06/07/2024 08:53;45;91;asfalto molhado;37;15;FALSE;3
29/03/2022 00:34;47;18;seco;13;17;FALSE;1
22/03/2026 18:26;15;78;lama;87;44;TRUE;5
15/05/2023 02:09;1;0;navegavel;59;91;FALSE;1
01/04/2023 04:26;19;13;seco;34;78;TRUE;1
01/10/2020 00:20;36;96;asfalto molhado;33;44;TRUE;4
16/06/2023 03:59;25;38;navegavel;38;52;FALSE;0
18/10/2024 21:35;16;21;seco;16;84;FALSE;0
30/04/2021 20:53;23;25;asfalto molhado;27;54;FALSE;1
26/12/2021 15:50;27;64;navegavel;90;45;FALSE;3
19/01/2021 14:24;31;81;telhado;54;69;FALSE;3
24/01/2023 09:47;39;5;telhado;51;60;FALSE;2
14/04/2022 01:33;0;18;seco;92;56;TRUE;2
14/06/2024 22:37;45;38;navegavel;33;86;FALSE;0
17/11/2020 12:02;30;84;telhado;68;78;FALSE;3
28/08/2022 17:49;36;77;asfalto molhado;7;64;TRUE;3
07/05/2020 23:01;26;47;asfalto molhado;99;41;TRUE;4
15/07/2024 12:21;37;64;seco;11;96;TRUE;2
10/03/2025 23:53;33;58;lama;56;51;FALSE;3
08/02/2022 21:40;2;67;asfalto molhado;43;48;FALSE;3
11/03/2023 12:40;46;24;seco;66;35;FALSE;2
20/05/2024 22:07;23;85;telhado;57;20;FALSE;4
20/04/2024 15:50;28;88;lama;61;62;FALSE;3
11/06/2024 11:50;2;58;lama;65;93;FALSE;3
15/07/2020 14:55;3;59;lama;49;25;FALSE;3
14/05/2023 15:37;34;21;asfalto molhado;47;39;TRUE;3
01/01/2020 04:59;2;77;navegavel;24;47;TRUE;3
04/03/2024 15:30;4;23;lama;52;48;TRUE;4
30/12/2025 17:44;40;84;navegavel;19;86;FALSE;1
30/06/2024 11:51;25;64;seco;55;20;FALSE;3
18/05/2021 11:43;46;67;lama;82;38;FALSE;4
02/01/2023 19:12;16;30;navegavel;32;93;FALSE;0
10/03/2022 07:39;44;96;navegavel;70;86;FALSE;2
08/07/2024 13:07;35;9;seco;55;42;FALSE;2
17/11/2025 08:02;5;37;lama;75;78;TRUE;3
10/05/2025 07:45;18;10;navegavel;55;21;TRUE;3
13/07/2020 03:21;29;88;telhado;94;45;FALSE;4
08/09/2022 15:50;21;57;asfalto molhado;25;59;TRUE;3
10/05/2025 08:07;28;10;navegavel;77;16;TRUE;3
21/02/2024 01:33;7;70;lama;91;35;FALSE;4
03/06/2025 19:00;11;92;lama;99;93;TRUE;4
26/08/2021 04:53;25;32;telhado;56;80;TRUE;3
20/04/2024 09:26;2;51;telhado;93;9;FALSE;4
02/12/2022 06:51;49;77;telhado;58;54;FALSE;3
08/03/2020 07:26;4;58;asfalto molhado;24;79;FALSE;2
20/01/2024 06:46;35;26;navegavel;97;91;TRUE;2
27/10/2024 02:21;41;87;lama;37;67;TRUE;3
17/03/2025 14:42;25;42;navegavel;55;81;FALSE;1
14/10/2023 00:58;0;7;lama;32;96;TRUE;2
06/05/2023 02:14;13;99;telhado;76;98;TRUE;4
29/02/2024 18:17;38;89;seco;44;93;TRUE;2
31/03/2025 00:59;34;93;asfalto molhado;47;82;FALSE;2
08/11/2023 04:54;33;97;telhado;5;62;FALSE;2
25/04/2022 05:24;14;89;asfalto molhado;69;2;TRUE;5
12/06/2021 16:02;24;60;seco;82;78;FALSE;2
22/10/2020 07:07;44;2;asfalto molhado;87;91;TRUE;3
28/07/2025 19:25;10;57;telhado;0;99;FALSE;2
09/04/2020 23:27;40;94;lama;42;66;FALSE;2
16/05/2020 01:14;47;11;telhado;72;50;FALSE;2
24/02/2025 18:33;34;41;lama;97;26;FALSE;3
18/01/2022 22:52;17;72;navegavel;65;76;TRUE;3
17/06/2020 01:18;36;11;lama;87;38;FALSE;3
19/08/2020 11:40;27;78;asfalto molhado;40;46;FALSE;3
07/01/2023 21:07;24;52;navegavel;39;9;TRUE;3
14/06/2020 00:48;21;70;telhado;76;66;FALSE;3
06/02/2021 16:49;33;87;lama;36;65;FALSE;2
12/10/2023 03:50;39;7;navegavel;85;18;FALSE;2
06/10/2025 17:01;20;22;lama;32;87;FALSE;1
17/02/2025 19:14;13;19;telhado;10;20;TRUE;3
21/05/2021 20:29;40;65;lama;55;31;TRUE;5
28/01/2020 11:10;36;67;seco;79;50;TRUE;3
27/01/2022 13:56;4;45;seco;38;74;FALSE;0
06/03/2020 04:36;48;45;seco;14;31;FALSE;1
27/11/2021 01:20;49;19;navegavel;26;94;TRUE;1
05/01/2022 04:01;31;96;telhado;59;46;TRUE;5
25/11/2025 09:18;44;35;navegavel;76;78;TRUE;2
21/12/2023 09:56;12;91;asfalto molhado;98;22;FALSE;4
19/04/2024 06:52;43;27;seco;51;98;TRUE;2
29/03/2024 18:56;44;82;seco;68;66;TRUE;3
15/11/2022 07:35;47;53;navegavel;2;5;FALSE;2
07/06/2020 00:43;30;83;telhado;35;51;FALSE;2
21/07/2021 03:22;37;29;seco;44;84;FALSE;0
11/05/2025 11:40;13;44;asfalto molhado;20;71;FALSE;1
23/08/2021 18:40;37;50;lama;97;7;FALSE;3
21/02/2023 08:36;38;63;asfalto molhado;92;70;FALSE;3
08/08/2023 19:25;17;27;telhado;72;58;FALSE;2
16/09/2023 16:40;39;60;lama;48;19;TRUE;4
06/10/2025 09:26;33;7;asfalto molhado;87;21;FALSE;3
25/06/2025 10:36;31;86;asfalto molhado;18;89;FALSE;2
15/01/2022 12:08;32;55;navegavel;98;47;FALSE;3
09/11/2024 06:34;24;48;asfalto molhado;13;19;FALSE;2
16/08/2021 14:42;44;98;seco;88;4;FALSE;3
26/04/2025 01:43;0;43;navegavel;1;30;FALSE;1
10/04/2022 23:05;9;5;seco;21;28;TRUE;2
17/12/2025 01:55;20;39;lama;85;41;FALSE;3
04/09/2024 06:05;49;14;lama;46;50;TRUE;2
21/08/2023 17:38;48;69;navegavel;20;86;FALSE;1
14/01/2021 19:06;8;71;telhado;80;83;FALSE;3
29/08/2023 20:42;1;2;lama;53;55;FALSE;2
20/01/2023 12:31;10;98;asfalto molhado;3;61;FALSE;2
06/04/2026 14:34;3;52;seco;13;65;FALSE;1
10/09/2020 09:45;15;29;telhado;8;32;TRUE;3
03/06/2025 16:10;7;29;telhado;49;39;TRUE;3
05/04/2020 16:22;5;25;seco;71;25;FALSE;2
20/04/2021 18:44;23;39;seco;7;18;FALSE;1
17/11/2020 12:41;2;52;navegavel;17;97;TRUE;2
03/08/2025 14:27;36;47;navegavel;63;88;TRUE;2
27/04/2021 17:03;19;82;asfalto molhado;64;75;FALSE;3
16/07/2022 00:04;28;44;navegavel;3;14;FALSE;1
28/12/2020 19:28;21;23;seco;77;40;FALSE;2
01/11/2022 17:03;41;78;telhado;76;18;FALSE;4
22/10/2020 15:29;34;0;asfalto molhado;24;38;FALSE;2
12/09/2022 08:25;34;92;telhado;43;18;FALSE;3
10/10/2021 01:20;47;30;navegavel;76;10;FALSE;2
06/01/2026 14:50;32;99;asfalto molhado;42;85;TRUE;3
09/12/2023 10:59;41;58;navegavel;31;14;FALSE;2
13/05/2023 12:56;24;18;seco;43;25;FALSE;1
31/03/2024 22:01;5;85;lama;34;89;TRUE;3
17/02/2023 13:37;34;35;asfalto molhado;7;73;FALSE;1
05/04/2025 14:14;38;42;telhado;18;36;TRUE;3
09/09/2022 00:02;6;77;navegavel;20;53;FALSE;1
19/03/2023 10:52;35;46;asfalto molhado;12;41;FALSE;2
01/12/2021 21:11;34;34;lama;31;24;FALSE;2
22/11/2024 06:39;9;44;asfalto molhado;8;60;FALSE;1
12/10/2024 17:28;48;21;asfalto molhado;30;51;FALSE;1
23/09/2025 21:28;41;4;navegavel;90;31;FALSE;2
15/10/2023 02:40;17;29;asfalto molhado;17;34;FALSE;2
30/09/2021 20:21;43;22;lama;15;0;FALSE;2
06/02/2022 17:57;24;61;telhado;10;60;TRUE;3
27/02/2020 08:47;10;56;lama;64;54;TRUE;4
23/09/2024 10:11;42;87;telhado;21;80;FALSE;2
06/03/2021 01:26;0;10;navegavel;13;14;FALSE;1
23/01/2026 23:03;35;61;lama;13;62;FALSE;2
19/01/2023 04:16;8;83;navegavel;81;96;FALSE;2
04/11/2025 10:28;41;50;navegavel;90;66;FALSE;1
09/05/2023 21:58;7;91;telhado;18;33;FALSE;3
10/08/2021 22:46;19;19;seco;64;27;TRUE;3
01/09/2025 21:57;10;36;telhado;11;35;FALSE;2
27/06/2020 23:56;23;54;lama;84;14;FALSE;4
08/01/2023 12:45;20;35;telhado;59;25;TRUE;4
25/08/2025 06:47;15;13;seco;43;85;FALSE;0
23/12/2020 03:09;41;41;telhado;84;18;TRUE;4
17/09/2022 13:07;36;95;seco;50;99;FALSE;1
06/08/2023 05:34;32;12;seco;50;29;FALSE;1
10/06/2020 18:26;32;64;lama;4;20;TRUE;4
13/07/2022 15:54;29;83;lama;46;5;TRUE;4
29/12/2022 19:29;23;15;seco;49;56;TRUE;1
18/01/2026 07:12;49;95;seco;75;96;FALSE;2
25/11/2024 09:08;42;82;seco;69;85;FALSE;2
13/09/2022 00:27;40;48;seco;76;14;FALSE;2
11/04/2025 04:20;29;26;seco;19;90;FALSE;0
30/03/2026 10:49;39;23;seco;57;90;FALSE;1
30/09/2022 03:06;29;2;seco;42;10;FALSE;1
21/03/2022 19:33;42;1;telhado;59;44;FALSE;3
24/06/2022 02:22;3;18;seco;60;64;FALSE;1
04/06/2024 03:54;26;51;telhado;70;70;FALSE;3
14/05/2024 10:45;17;76;telhado;9;67;FALSE;2
15/02/2020 19:38;7;2;seco;82;68;FALSE;1
06/02/2026 11:22;38;26;telhado;59;6;FALSE;3
27/06/2020 14:01;45;17;lama;27;16;FALSE;2
10/01/2023 02:18;44;71;asfalto molhado;11;97;TRUE;3
08/08/2021 09:31;20;76;navegavel;13;91;TRUE;2
04/08/2024 20:24;31;56;asfalto molhado;0;7;FALSE;3
22/12/2023 11:46;29;33;telhado;34;64;FALSE;1
06/07/2020 18:37;39;96;seco;19;98;FALSE;1
27/03/2024 02:41;25;63;navegavel;38;72;FALSE;1
27/06/2025 15:15;14;53;navegavel;30;20;TRUE;3
11/01/2024 05:30;34;18;asfalto molhado;19;76;TRUE;2
16/06/2024 05:42;38;35;asfalto molhado;85;94;FALSE;2
21/12/2025 23:23;45;55;asfalto molhado;11;5;FALSE;3
26/01/2021 09:04;5;37;telhado;34;18;FALSE;2
18/11/2020 05:38;45;54;telhado;36;14;TRUE;4
09/07/2024 14:33;45;55;lama;37;94;FALSE;2
14/11/2021 07:23;48;51;lama;70;93;FALSE;3
29/11/2022 23:52;22;89;telhado;95;0;FALSE;4
12/04/2024 08:51;48;44;seco;26;15;FALSE;1
03/07/2025 01:40;8;78;navegavel;45;58;TRUE;2
09/01/2021 00:28;44;39;lama;93;12;FALSE;3
30/06/2020 03:57;0;62;lama;90;27;TRUE;5
12/08/2025 18:28;9;79;navegavel;46;44;FALSE;2
10/04/2022 09:48;41;91;seco;9;5;TRUE;3
17/05/2020 01:34;3;50;telhado;19;12;TRUE;3
07/07/2023 00:12;10;54;navegavel;94;81;TRUE;3
04/11/2023 17:06;33;45;navegavel;18;13;FALSE;1
18/12/2025 20:56;22;39;telhado;73;80;TRUE;3
25/10/2025 12:06;14;2;asfalto molhado;71;81;FALSE;2
03/02/2024 13:35;37;31;seco;19;95;FALSE;0
01/06/2025 23:12;6;19;seco;85;82;FALSE;1
13/12/2020 00:48;8;34;navegavel;74;16;FALSE;2
26/12/2025 00:02;32;36;asfalto molhado;19;25;FALSE;2
21/03/2020 23:17;24;46;seco;96;63;FALSE;1
01/11/2021 01:21;22;55;telhado;57;54;FALSE;3
11/05/2022 09:50;24;38;seco;97;87;FALSE;1
19/03/2025 06:04;39;92;navegavel;81;93;TRUE;3
08/03/2023 02:25;4;18;lama;52;28;FALSE;3
04/06/2023 17:40;44;74;navegavel;59;11;TRUE;4
24/11/2022 23:27;7;81;telhado;71;42;FALSE;4
19/11/2020 09:44;6;62;seco;66;32;TRUE;4
19/04/2024 05:42;38;57;asfalto molhado;23;51;FALSE;2
23/01/2024 22:32;44;69;asfalto molhado;77;24;FALSE;4
10/09/2021 13:42;8;57;seco;23;15;FALSE;2
01/06/2022 15:38;8;41;seco;7;48;FALSE;1
25/05/2020 05:54;25;6;seco;30;52;TRUE;1
22/02/2022 02:12;39;84;lama;27;31;FALSE;3
27/09/2023 14:39;4;34;asfalto molhado;93;84;TRUE;3
23/07/2023 06:01;21;38;seco;52;69;FALSE;1
25/03/2026 08:26;43;31;lama;31;15;TRUE;3
17/01/2022 12:30;49;47;telhado;91;66;FALSE;2
06/07/2020 02:47;32;37;lama;1;71;FALSE;1
15/04/2020 02:22;4;68;lama;15;91;FALSE;2
20/09/2025 16:21;25;37;navegavel;62;73;TRUE;2
11/04/2025 19:06;49;97;lama;45;99;FALSE;2
04/12/2025 21:45;48;82;lama;36;4;TRUE;4
02/10/2024 08:39;35;26;telhado;3;61;FALSE;1
07/07/2020 17:19;15;91;seco;43;15;FALSE;2
15/04/2023 17:04;21;96;asfalto molhado;70;27;FALSE;4
08/10/2020 01:14;26;78;seco;64;29;TRUE;4
04/11/2025 16:22;36;71;asfalto molhado;15;81;FALSE;2
13/11/2023 13:35;47;78;telhado;98;40;FALSE;4
04/05/2024 10:25;43;63;lama;86;27;FALSE;4
28/10/2021 04:09;1;86;telhado;81;18;FALSE;4
11/11/2025 19:08;4;15;telhado;54;73;FALSE;2
01/09/2021 07:28;29;55;lama;5;29;FALSE;3
02/07/2021 11:51;3;49;lama;57;63;FALSE;2
29/07/2025 10:22;6;13;asfalto molhado;15;68;FALSE;1
23/08/2024 13:41;38;15;navegavel;82;77;FALSE;1
17/10/2022 19:23;38;8;asfalto molhado;23;55;FALSE;1
01/07/2024 08:19;44;19;seco;92;94;FALSE;1
15/05/2025 06:03;0;50;telhado;24;13;TRUE;3
02/03/2025 08:09;32;83;lama;41;46;TRUE;4
25/03/2023 00:16;0;84;telhado;44;9;FALSE;3
15/07/2021 12:00;45;93;lama;11;62;TRUE;3
17/04/2025 11:56;49;15;telhado;78;11;FALSE;3
29/04/2023 05:37;31;50;asfalto molhado;51;98;FALSE;2
21/09/2025 07:40;15;38;asfalto molhado;55;39;FALSE;3
15/01/2025 00:08;44;40;navegavel;36;99;FALSE;0
19/02/2026 02:00;6;41;seco;71;7;TRUE;3
26/07/2022 01:49;47;39;navegavel;72;37;TRUE;3
07/09/2023 12:20;38;62;lama;52;91;FALSE;3
22/11/2024 23:26;36;11;navegavel;36;17;FALSE;1
09/03/2026 05:30;45;24;telhado;44;45;FALSE;2
20/04/2023 15:04;37;19;navegavel;90;39;TRUE;3
03/09/2023 17:25;49;75;asfalto molhado;40;75;FALSE;2
24/12/2022 09:54;48;5;navegavel;89;24;TRUE;3
08/03/2022 06:48;47;97;lama;80;15;FALSE;4
20/11/2020 17:56;31;90;navegavel;57;52;FALSE;2
04/08/2020 13:39;34;40;telhado;1;73;TRUE;2
23/05/2025 18:10;34;2;seco;12;5;FALSE;1
23/04/2024 10:29;17;74;asfalto molhado;11;32;TRUE;4
29/07/2025 05:42;35;42;lama;44;89;FALSE;1
08/02/2020 11:26;31;0;lama;78;7;FALSE;3
27/09/2025 22:35;2;3;telhado;11;87;FALSE;1
24/10/2021 23:56;43;11;lama;85;18;TRUE;4
17/09/2024 17:56;1;48;seco;6;95;FALSE;0
27/06/2024 23:11;3;18;seco;10;15;FALSE;1
12/11/2022 01:34;18;61;asfalto molhado;4;95;FALSE;2
07/06/2025 13:03;36;42;navegavel;44;19;TRUE;2
18/03/2021 19:54;43;35;seco;58;73;FALSE;1
26/07/2021 06:20;29;76;telhado;90;98;FALSE;3
09/03/2023 18:23;43;83;navegavel;8;44;TRUE;3
09/03/2021 18:15;19;0;telhado;11;68;FALSE;1
23/08/2024 06:48;11;83;telhado;12;1;TRUE;4
20/03/2026 03:02;4;46;navegavel;94;31;FALSE;2
04/09/2025 22:37;21;9;lama;39;51;FALSE;1
18/10/2025 10:45;2;64;seco;34;51;FALSE;1
12/08/2020 02:18;30;9;asfalto molhado;60;80;FALSE;2
12/06/2022 23:00;15;46;navegavel;77;66;FALSE;1
18/01/2021 11:33;1;15;asfalto molhado;98;49;FALSE;3
09/12/2021 22:59;2;15;seco;17;90;FALSE;0
15/08/2024 12:48;26;1;lama;28;78;FALSE;1
07/01/2023 18:37;32;28;navegavel;37;92;FALSE;0
05/03/2025 00:47;36;27;telhado;38;10;TRUE;3
10/04/2022 04:01;35;26;asfalto molhado;68;50;TRUE;3
31/03/2023 18:34;40;54;navegavel;4;95;TRUE;2
23/03/2025 11:31;26;44;seco;94;14;FALSE;2
25/03/2020 13:40;37;35;seco;93;23;FALSE;2
12/03/2025 08:32;32;3;lama;58;45;TRUE;4
05/08/2024 11:44;28;96;telhado;87;49;FALSE;4
21/10/2024 17:45;16;92;telhado;86;3;TRUE;5
02/07/2024 11:28;43;22;seco;1;16;TRUE;2
23/03/2024 00:09;47;98;seco;24;6;FALSE;2
09/03/2023 17:47;37;83;lama;34;4;FALSE;3
01/07/2023 06:10;20;46;asfalto molhado;1;70;FALSE;1
10/11/2020 14:15;8;66;navegavel;8;88;FALSE;1
19/12/2021 07:40;25;97;seco;46;94;FALSE;1
18/08/2022 17:50;29;6;asfalto molhado;24;60;FALSE;1
05/10/2020 18:51;38;94;telhado;97;54;TRUE;4
14/11/2023 21:59;3;27;seco;44;41;FALSE;1
01/10/2025 20:51;31;85;seco;49;94;FALSE;1
06/09/2021 09:47;22;44;lama;17;1;FALSE;2
06/09/2025 18:05;28;78;seco;48;77;FALSE;1
28/05/2023 00:10;49;19;asfalto molhado;55;30;TRUE;4
07/04/2025 21:33;16;75;lama;31;8;TRUE;4
11/06/2021 02:14;42;96;navegavel;93;48;FALSE;3
15/06/2021 15:45;10;94;lama;27;17;FALSE;3
26/04/2022 17:59;9;2;navegavel;42;33;FALSE;1
08/10/2023 23:42;32;52;telhado;75;26;TRUE;5
05/11/2024 15:34;44;71;telhado;48;67;TRUE;3
25/09/2020 06:52;49;3;lama;8;43;FALSE;2
09/03/2021 10:46;43;73;navegavel;34;59;FALSE;1
13/09/2020 08:34;38;78;seco;76;83;FALSE;2
31/12/2020 00:59;34;84;telhado;66;10;FALSE;4
14/05/2023 21:04;28;42;navegavel;48;79;TRUE;1
22/12/2020 11:10;48;45;lama;54;24;TRUE;4
07/12/2020 07:01;20;76;lama;31;29;FALSE;3
27/05/2021 22:35;29;69;telhado;59;30;TRUE;5
10/08/2022 02:48;3;55;seco;48;84;FALSE;1
26/09/2025 04:28;25;45;telhado;86;94;FALSE;2
26/07/2023 10:40;42;93;navegavel;20;75;FALSE;1
21/10/2022 01:04;35;14;seco;46;92;TRUE;1
09/03/2025 17:50;30;47;telhado;82;89;FALSE;2
20/12/2025 19:06;17;61;telhado;20;38;FALSE;3
14/12/2020 07:43;48;2;lama;63;73;TRUE;3
25/07/2024 05:53;37;88;telhado;50;41;TRUE;4
29/04/2023 21:58;25;5;asfalto molhado;55;40;TRUE;4
12/12/2023 08:45;15;74;seco;70;44;FALSE;3
29/07/2025 00:54;37;65;lama;89;89;TRUE;4
22/05/2020 05:09;16;41;lama;25;58;TRUE;2
19/07/2021 14:33;19;72;navegavel;33;12;FALSE;2
05/11/2024 11:54;13;76;seco;34;81;FALSE;1
31/07/2022 12:03;28;67;asfalto molhado;31;99;FALSE;2
19/03/2024 01:15;35;42;telhado;48;32;TRUE;3
09/09/2021 10:08;2;62;navegavel;36;50;FALSE;1
09/11/2022 14:45;0;70;asfalto molhado;90;54;TRUE;4
31/12/2023 09:26;8;45;lama;2;56;TRUE;2
11/12/2022 21:15;46;35;seco;47;9;FALSE;1
09/09/2023 14:47;31;1;asfalto molhado;92;96;FALSE;2
23/10/2025 14:21;28;46;navegavel;0;98;FALSE;0
21/06/2023 23:08;3;99;navegavel;80;43;FALSE;3
15/12/2023 21:08;33;67;asfalto molhado;6;17;TRUE;4
07/02/2025 16:17;5;29;lama;3;75;FALSE;1
16/02/2021 23:23;13;46;telhado;45;5;FALSE;2
09/02/2026 11:15;48;88;navegavel;48;58;FALSE;1
01/11/2025 02:45;24;17;asfalto molhado;5;60;FALSE;1
11/11/2022 23:16;36;10;telhado;29;92;FALSE;1
06/04/2021 18:53;18;16;navegavel;57;77;FALSE;1
06/04/2020 17:48;35;39;asfalto molhado;15;38;FALSE;2
28/06/2020 06:35;20;14;lama;7;42;FALSE;2
12/08/2024 20:54;5;63;asfalto molhado;58;70;FALSE;3
16/10/2025 15:27;0;81;telhado;28;21;FALSE;3
04/05/2025 05:48;31;33;navegavel;32;59;FALSE;0
21/02/2026 00:22;17;20;asfalto molhado;40;52;FALSE;1
22/06/2024 23:27;25;60;navegavel;37;95;FALSE;1
19/05/2020 17:46;8;30;asfalto molhado;93;91;FALSE;2
13/02/2026 21:22;48;30;lama;14;90;FALSE;1
03/12/2022 14:30;26;36;lama;72;72;TRUE;3
29/08/2022 10:38;13;66;seco;82;83;FALSE;2
09/10/2021 09:55;24;94;seco;71;45;FALSE;3
05/05/2021 15:58;14;84;seco;73;75;FALSE;2
02/08/2020 12:54;31;61;lama;21;8;TRUE;4
11/09/2025 01:04;25;43;lama;24;16;FALSE;2
24/10/2020 18:58;34;3;lama;18;35;FALSE;2
02/06/2021 18:39;15;84;lama;97;48;FALSE;4
29/08/2021 07:17;6;51;lama;36;7;FALSE;3
05/02/2025 02:59;19;85;navegavel;5;53;TRUE;2
17/02/2026 14:50;38;34;telhado;7;75;FALSE;1
11/02/2021 05:42;26;88;telhado;37;46;TRUE;4
02/09/2021 12:11;23;46;navegavel;21;93;FALSE;0
03/09/2023 01:04;42;39;telhado;89;32;FALSE;3
04/09/2020 15:38;11;91;telhado;94;66;FALSE;3
30/08/2023 18:48;10;5;navegavel;6;52;FALSE;0
13/07/2023 21:43;18;66;navegavel;26;75;FALSE;1
10/03/2025 23:53;47;39;navegavel;3;0;FALSE;1
03/12/2023 12:14;7;16;lama;91;37;TRUE;4
03/12/2020 03:14;31;47;telhado;23;19;FALSE;2
04/02/2025 20:22;23;54;telhado;19;17;TRUE;4
11/05/2023 16:59;40;61;lama;45;54;TRUE;3
13/02/2023 05:00;46;44;lama;50;6;TRUE;3
06/06/2024 12:13;42;26;navegavel;99;98;TRUE;2
23/03/2024 02:38;18;40;seco;75;39;FALSE;2
08/02/2021 00:25;28;74;seco;87;11;FALSE;3
14/10/2023 04:56;44;67;lama;7;89;TRUE;3
03/01/2024 08:36;13;52;navegavel;46;48;FALSE;2
15/01/2022 04:26;17;16;navegavel;47;81;FALSE;0
07/07/2025 16:30;27;93;navegavel;60;91;FALSE;2
21/03/2020 23:19;1;95;lama;13;38;FALSE;3
16/11/2023 13:43;37;35;seco;82;59;FALSE;1
24/05/2022 21:49;6;49;telhado;72;17;FALSE;3
16/02/2026 07:22;8;1;lama;43;82;FALSE;1
02/07/2022 18:19;38;29;navegavel;33;79;FALSE;0
26/01/2026 03:29;38;85;asfalto molhado;34;1;TRUE;4
29/06/2022 11:26;11;94;asfalto molhado;34;63;FALSE;2
06/06/2022 05:12;2;36;telhado;60;31;TRUE;4
29/03/2022 14:42;4;64;seco;61;79;FALSE;2
10/08/2024 15:29;14;69;navegavel;67;80;FALSE;2
07/03/2021 10:04;4;40;lama;91;22;FALSE;3
18/01/2024 13:06;18;25;lama;51;76;FALSE;2
15/11/2022 16:35;20;18;asfalto molhado;3;86;FALSE;1
24/04/2021 19:50;36;23;navegavel;55;36;FALSE;2
09/12/2024 20:40;41;3;seco;38;95;FALSE;0
17/07/2021 04:37;13;70;telhado;1;55;FALSE;2
20/10/2024 18:15;13;90;seco;87;46;FALSE;3
06/07/2023 22:21;17;9;seco;94;46;FALSE;2
09/04/2025 21:43;40;31;asfalto molhado;54;8;FALSE;3
17/11/2024 05:45;40;11;telhado;78;54;FALSE;2
31/01/2020 12:28;5;42;asfalto molhado;27;22;FALSE;2
17/09/2025 02:24;47;46;seco;3;37;TRUE;2
05/05/2020 12:35;12;8;seco;89;25;FALSE;2
13/11/2022 02:11;44;28;telhado;70;40;FALSE;3
31/05/2022 04:13;35;5;navegavel;83;2;FALSE;2
09/12/2020 11:23;0;78;lama;93;66;FALSE;3
27/01/2026 20:20;12;59;asfalto molhado;76;10;FALSE;4
20/02/2023 20:12;37;24;asfalto molhado;20;23;TRUE;3
03/04/2025 22:31;9;87;seco;73;48;TRUE;4
08/10/2025 00:06;35;11;navegavel;8;43;FALSE;1
12/07/2021 16:01;2;47;seco;41;73;FALSE;0
01/09/2025 21:56;40;17;seco;40;40;TRUE;2
09/09/2022 10:30;21;77;lama;44;77;TRUE;3
07/01/2022 12:01;15;67;lama;16;26;TRUE;4
07/06/2022 00:35;29;50;lama;10;47;FALSE;2
10/05/2020 20:52;1;59;lama;81;54;FALSE;3
12/04/2023 03:46;7;32;navegavel;47;3;FALSE;1
07/01/2022 19:12;25;96;seco;34;90;TRUE;2
08/08/2020 19:57;5;67;navegavel;68;74;TRUE;3
18/04/2023 18:52;44;15;lama;22;83;TRUE;2
28/06/2023 11:58;4;6;seco;53;98;TRUE;2
06/06/2023 13:37;5;81;seco;42;81;FALSE;1
06/07/2022 22:01;40;94;asfalto molhado;51;10;FALSE;4
07/11/2020 15:51;36;6;telhado;49;1;TRUE;3
19/05/2022 17:20;23;5;lama;74;88;FALSE;2
27/02/2022 11:46;13;9;asfalto molhado;24;58;FALSE;1
20/07/2022 18:11;17;62;lama;99;0;FALSE;4
13/12/2021 02:48;4;80;seco;53;25;FALSE;3
15/11/2021 11:46;11;9;seco;50;95;FALSE;0
12/04/2025 08:01;7;53;telhado;43;7;FALSE;3
19/02/2023 19:54;48;37;lama;67;32;FALSE;3
15/09/2024 21:27;2;62;telhado;54;66;TRUE;4
22/09/2023 15:44;45;36;seco;10;69;FALSE;0
12/03/2020 12:06;4;67;telhado;17;61;TRUE;3
04/06/2020 01:56;16;58;telhado;2;62;FALSE;2
18/04/2025 20:37;34;45;lama;53;93;TRUE;3
02/07/2025 00:56;1;13;seco;74;84;FALSE;1
18/11/2025 18:26;41;15;telhado;41;23;FALSE;2
05/07/2025 14:34;17;45;seco;43;69;TRUE;1
13/05/2023 14:51;22;22;navegavel;28;37;TRUE;2
25/11/2024 04:44;31;76;lama;59;33;FALSE;4
26/08/2024 17:56;43;99;asfalto molhado;86;89;FALSE;3
17/07/2021 01:52;3;96;seco;13;33;FALSE;2
12/07/2023 03:57;17;30;seco;4;94;TRUE;1
19/12/2021 08:54;18;8;asfalto molhado;76;60;TRUE;3
05/07/2025 15:35;32;54;navegavel;82;19;FALSE;3
15/04/2026 10:00;1;84;asfalto molhado;23;8;FALSE;3
16/04/2021 00:23;17;26;navegavel;82;16;TRUE;3
11/02/2023 02:14;29;62;telhado;5;27;TRUE;4
13/04/2023 01:55;44;73;asfalto molhado;64;25;FALSE;4
09/02/2025 16:17;10;14;asfalto molhado;55;2;FALSE;3
22/06/2023 22:04;38;84;telhado;44;13;FALSE;3
12/02/2021 01:04;30;63;seco;97;33;FALSE;3
07/06/2020 12:05;35;70;seco;88;7;FALSE;3
17/09/2024 08:25;34;97;navegavel;95;95;FALSE;2
02/03/2026 20:36;5;72;asfalto molhado;26;31;FALSE;3
31/08/2025 06:02;27;96;navegavel;61;55;FALSE;2
26/11/2024 15:34;27;97;asfalto molhado;24;61;FALSE;2
29/07/2024 00:45;38;99;seco;98;67;FALSE;2
09/10/2025 23:56;39;42;navegavel;57;78;TRUE;2
21/01/2025 23:53;26;30;lama;93;76;FALSE;2
18/11/2020 14:52;25;85;navegavel;65;21;FALSE;3
15/08/2024 16:04;23;24;navegavel;49;70;FALSE;0
27/02/2025 18:16;41;20;navegavel;48;29;TRUE;2
21/10/2024 20:54;28;88;lama;7;2;TRUE;4
24/06/2025 19:26;31;46;seco;5;27;TRUE;2
30/05/2025 17:31;37;25;navegavel;84;29;TRUE;3
20/02/2023 07:04;15;87;telhado;32;31;FALSE;3
24/04/2024 20:09;26;46;navegavel;20;29;FALSE;1
27/10/2025 05:01;27;10;navegavel;45;95;FALSE;0
15/02/2025 10:52;27;68;telhado;65;75;TRUE;4
29/11/2020 09:53;32;1;telhado;45;36;FALSE;2
19/02/2021 21:28;1;67;telhado;35;46;TRUE;4
04/03/2022 19:31;40;94;seco;91;83;TRUE;3
07/12/2022 01:58;9;89;navegavel;99;37;TRUE;4
09/04/2023 14:08;38;88;telhado;95;2;FALSE;4
09/02/2023 12:25;11;33;navegavel;57;93;TRUE;2
06/10/2023 22:56;21;88;navegavel;32;89;TRUE;2
24/01/2022 03:58;35;52;telhado;7;93;FALSE;2
08/05/2020 04:09;3;25;telhado;80;59;FALSE;2
25/04/2023 19:19;17;73;navegavel;96;79;FALSE;2
09/10/2020 21:52;29;69;asfalto molhado;15;10;FALSE;3
29/11/2024 23:48;38;59;seco;25;3;FALSE;2
26/08/2020 08:30;0;73;asfalto molhado;58;65;FALSE;3
09/12/2022 04:07;39;43;lama;51;38;TRUE;4
01/09/2021 13:31;20;25;telhado;31;77;FALSE;1
19/06/2025 11:42;47;90;lama;37;65;TRUE;3
17/02/2020 10:14;38;45;asfalto molhado;35;35;TRUE;3
01/12/2021 07:42;33;58;lama;27;6;FALSE;3
24/04/2023 22:11;0;48;navegavel;44;97;FALSE;0
15/03/2024 20:04;49;39;lama;7;79;TRUE;2
20/08/2023 19:02;28;53;asfalto molhado;80;80;TRUE;4
09/12/2022 08:16;48;69;asfalto molhado;82;82;FALSE;3
12/04/2020 11:57;6;29;telhado;28;90;TRUE;2
28/06/2025 00:37;33;75;lama;40;19;TRUE;4
03/07/2022 16:21;35;1;lama;32;35;FALSE;2
28/04/2021 21:59;25;44;telhado;60;70;TRUE;3
07/10/2024 02:51;22;12;navegavel;22;12;FALSE;1
18/10/2022 01:55;37;90;seco;34;24;TRUE;3
28/02/2023 19:03;36;39;telhado;36;79;FALSE;1
22/11/2020 00:50;12;12;telhado;58;55;FALSE;2
25/01/2022 16:58;5;72;asfalto molhado;80;3;FALSE;4
23/10/2023 01:22;23;89;lama;11;64;FALSE;2
26/02/2023 22:12;34;16;telhado;56;3;FALSE;3
26/03/2021 00:33;21;29;telhado;31;79;FALSE;1
29/03/2023 16:02;3;50;asfalto molhado;82;66;FALSE;2
22/01/2025 04:34;34;49;navegavel;58;94;TRUE;2
06/10/2021 04:36;11;65;asfalto molhado;5;61;TRUE;3
21/12/2020 12:10;2;49;navegavel;22;39;TRUE;2
02/07/2024 19:30;29;8;lama;87;46;TRUE;4
22/02/2023 00:08;0;30;seco;24;95;FALSE;0
13/01/2021 16:51;5;26;lama;44;76;FALSE;1
22/04/2022 05:46;21;81;telhado;95;63;FALSE;3
30/06/2025 19:54;2;44;telhado;85;97;FALSE;2
27/08/2022 12:05;26;34;telhado;53;70;TRUE;3
18/02/2024 22:24;18;38;telhado;78;31;FALSE;3
06/05/2022 04:38;34;84;asfalto molhado;53;59;FALSE;3
02/03/2021 22:41;27;74;asfalto molhado;97;53;FALSE;3
19/05/2024 20:19;18;39;lama;71;10;FALSE;3
15/11/2023 09:19;26;81;lama;57;24;FALSE;4
21/08/2025 19:07;21;99;lama;9;3;FALSE;3
25/02/2025 23:53;9;47;seco;79;32;FALSE;2
08/09/2023 20:39;40;98;lama;4;93;FALSE;2
12/12/2024 09:11;28;29;navegavel;79;69;FALSE;1
23/07/2025 01:48;37;40;lama;64;1;FALSE;3
24/05/2022 06:52;47;68;telhado;39;12;FALSE;3
03/09/2021 19:36;34;31;seco;58;5;FALSE;2
10/07/2024 17:13;40;66;seco;96;41;FALSE;3
29/08/2023 23:52;49;61;seco;69;24;FALSE;3
07/09/2020 03:20;21;62;asfalto molhado;87;68;FALSE;3
13/05/2021 05:08;20;96;asfalto molhado;98;88;FALSE;3
04/03/2020 07:16;14;81;seco;24;55;FALSE;1
02/04/2024 18:25;25;51;seco;46;16;FALSE;2
11/05/2020 05:45;37;45;lama;80;48;FALSE;3
16/03/2024 20:51;43;45;lama;41;75;TRUE;2
04/03/2026 11:46;1;47;lama;67;33;FALSE;3
07/09/2022 10:43;43;15;navegavel;83;39;TRUE;3
30/09/2024 21:11;35;90;asfalto molhado;94;2;TRUE;5
13/09/2023 12:57;48;8;navegavel;21;15;FALSE;1
22/01/2020 16:28;35;42;navegavel;15;34;FALSE;1
12/02/2026 16:31;2;40;asfalto molhado;30;43;FALSE;2
18/03/2020 04:08;8;20;navegavel;24;4;TRUE;2
20/01/2021 00:43;8;99;seco;43;9;TRUE;3
28/02/2024 20:19;25;33;asfalto molhado;33;88;TRUE;2
08/01/2020 00:15;17;44;seco;12;53;FALSE;0
21/03/2023 19:33;4;23;asfalto molhado;95;5;FALSE;3
24/01/2021 13:31;1;50;telhado;74;7;TRUE;4
05/01/2025 14:37;33;97;navegavel;2;29;TRUE;3
03/02/2020 00:22;46;75;lama;46;43;TRUE;4
05/10/2023 19:19;3;51;lama;75;77;FALSE;3
20/05/2024 23:12;29;68;navegavel;56;13;TRUE;4
10/02/2025 07:28;8;23;asfalto molhado;15;74;FALSE;1
31/10/2020 17:43;0;83;navegavel;33;32;TRUE;3
19/06/2023 09:33;7;50;navegavel;80;14;FALSE;2
18/05/2025 03:33;35;98;navegavel;82;69;FALSE;2
13/12/2025 04:43;18;89;asfalto molhado;59;87;FALSE;3
07/03/2022 03:25;32;59;telhado;55;7;TRUE;5
27/11/2025 11:58;2;70;telhado;32;90;TRUE;3
06/08/2020 07:13;33;8;seco;1;80;TRUE;1
01/08/2021 09:13;45;54;seco;68;64;FALSE;2
13/12/2023 18:39;33;4;seco;90;92;FALSE;1
28/02/2022 11:00;18;87;asfalto molhado;62;44;TRUE;5
25/07/2023 02:36;2;81;telhado;57;85;FALSE;3
16/11/2025 07:32;14;78;asfalto molhado;92;23;TRUE;5
04/07/2023 21:37;5;17;telhado;52;6;TRUE;4
15/03/2025 23:00;29;21;lama;94;6;FALSE;3
10/08/2020 10:15;24;9;lama;7;63;FALSE;1
21/10/2023 17:09;5;67;seco;8;33;FALSE;2
10/10/2022 13:05;9;32;telhado;33;44;FALSE;2
08/09/2024 16:29;47;62;seco;68;86;FALSE;2
12/04/2026 10:08;41;80;lama;58;76;FALSE;3
17/10/2021 22:59;47;50;asfalto molhado;89;21;FALSE;3
05/08/2022 10:11;12;2;seco;43;58;FALSE;0
09/06/2022 04:45;17;74;asfalto molhado;27;64;FALSE;2
26/12/2022 21:28;30;33;navegavel;7;68;FALSE;0
23/10/2023 11:26;39;32;asfalto molhado;93;46;FALSE;3
09/08/2020 19:52;48;8;seco;7;74;FALSE;0
15/06/2025 04:48;49;38;telhado;59;47;FALSE;3
20/03/2025 12:34;13;21;navegavel;7;32;FALSE;1
12/01/2023 13:14;49;83;telhado;30;50;FALSE;2
12/09/2025 07:46;22;3;seco;54;58;FALSE;1
04/05/2020 14:31;19;30;asfalto molhado;71;64;TRUE;3
09/03/2023 11:11;39;16;seco;43;97;FALSE;0
02/02/2026 11:07;44;90;telhado;80;18;TRUE;5
07/08/2024 20:49;5;68;navegavel;10;49;TRUE;3
16/08/2023 16:45;22;43;telhado;71;88;TRUE;3
02/02/2025 20:26;48;18;asfalto molhado;25;70;FALSE;1
30/08/2024 17:57;22;95;telhado;20;3;FALSE;3
06/02/2023 09:25;17;79;lama;41;59;FALSE;2
18/09/2021 10:20;5;42;navegavel;29;27;TRUE;2
16/07/2020 16:50;34;44;telhado;64;46;FALSE;3
14/01/2025 02:32;8;1;lama;63;69;FALSE;2
19/06/2020 23:25;37;28;seco;53;32;TRUE;3
19/11/2021 00:14;13;81;navegavel;12;80;FALSE;1
14/06/2022 09:08;20;64;asfalto molhado;83;89;FALSE;3
18/08/2024 00:20;22;71;seco;79;4;FALSE;3
14/12/2022 04:55;4;19;asfalto molhado;8;12;FALSE;2
19/09/2025 10:18;27;67;seco;85;21;FALSE;3
08/12/2024 10:29;47;17;telhado;63;98;TRUE;3
23/10/2021 21:20;16;86;navegavel;53;98;FALSE;2
19/07/2021 19:02;32;77;lama;49;42;TRUE;4
28/03/2024 00:09;37;8;asfalto molhado;54;29;FALSE;3
18/05/2024 01:09;9;73;lama;87;48;FALSE;4
20/11/2024 04:20;12;54;seco;55;86;FALSE;2
07/07/2022 04:49;9;43;asfalto molhado;84;76;FALSE;2
21/07/2021 00:57;11;10;asfalto molhado;98;34;FALSE;3
30/10/2024 23:59;24;55;navegavel;16;34;TRUE;3
22/08/2020 03:21;46;11;telhado;55;64;FALSE;2
24/01/2021 02:09;48;18;lama;49;94;FALSE;1
28/10/2021 11:41;1;37;asfalto molhado;73;73;FALSE;2
20/03/2023 11:08;45;25;lama;88;15;FALSE;3
21/10/2022 21:59;36;17;navegavel;18;30;TRUE;2
01/11/2024 21:30;4;22;seco;96;37;TRUE;3
22/03/2026 02:52;28;25;telhado;51;75;FALSE;2
05/12/2022 01:08;26;99;navegavel;46;2;FALSE;2
17/06/2022 00:13;11;2;seco;90;41;TRUE;3
12/03/2020 09:31;29;91;seco;20;30;TRUE;3
06/05/2021 09:51;39;63;asfalto molhado;95;22;FALSE;4
31/10/2024 03:44;6;82;asfalto molhado;1;37;TRUE;4
14/05/2020 01:20;48;90;asfalto molhado;21;99;TRUE;3
05/02/2022 18:59;10;92;lama;26;62;FALSE;2
08/11/2020 14:01;41;84;telhado;3;93;FALSE;2
18/12/2025 13:46;41;8;seco;53;50;TRUE;2
20/05/2024 20:53;39;48;seco;69;49;FALSE;2
02/12/2021 20:43;40;70;telhado;33;50;FALSE;2
04/04/2022 21:27;23;79;telhado;32;16;TRUE;4
25/01/2026 21:41;42;71;lama;25;47;FALSE;3
27/03/2024 13:19;22;33;lama;33;14;TRUE;3
15/05/2022 19:57;19;94;telhado;33;8;FALSE;3
20/12/2020 13:06;16;18;seco;70;67;FALSE;1
25/10/2021 16:30;7;34;seco;66;65;TRUE;2
28/01/2022 11:24;41;36;navegavel;31;60;FALSE;0
04/03/2026 09:15;4;80;seco;50;85;FALSE;1
20/07/2020 12:13;12;44;navegavel;13;11;FALSE;1
14/08/2021 13:03;9;66;seco;84;7;FALSE;3
24/03/2023 06:17;21;19;telhado;22;46;FALSE;2
29/07/2022 09:30;47;38;navegavel;63;15;FALSE;2
28/07/2021 07:35;28;95;navegavel;35;70;TRUE;2
22/05/2025 00:35;7;58;telhado;23;36;FALSE;3
10/05/2022 07:12;32;15;asfalto molhado;41;11;FALSE;2
14/02/2026 17:26;6;9;asfalto molhado;52;8;FALSE;3
31/07/2020 00:13;38;24;telhado;31;94;FALSE;1
05/08/2021 12:22;39;33;telhado;94;16;FALSE;3
18/11/2024 12:26;48;87;navegavel;72;76;TRUE;3
04/06/2022 20:56;1;82;seco;1;21;FALSE;2
19/04/2025 22:38;14;60;navegavel;44;77;TRUE;2
26/10/2022 01:39;32;32;asfalto molhado;10;47;FALSE;2
26/10/2021 08:29;1;38;asfalto molhado;36;23;TRUE;3
03/02/2024 15:21;8;7;lama;91;28;FALSE;3
11/02/2024 05:21;2;0;asfalto molhado;74;98;FALSE;2
27/11/2024 08:20;5;51;lama;60;23;FALSE;4
09/05/2024 19:29;1;46;asfalto molhado;66;64;FALSE;2
23/02/2022 23:49;29;52;asfalto molhado;47;25;FALSE;3
08/03/2022 09:09;48;13;navegavel;78;34;TRUE;3
22/02/2024 22:47;25;99;telhado;71;9;FALSE;4
17/12/2020 22:03;21;69;navegavel;94;31;TRUE;4
02/09/2022 02:45;36;13;seco;58;79;TRUE;2
15/11/2020 03:06;7;86;lama;69;13;FALSE;4
22/02/2026 10:45;19;90;seco;81;11;FALSE;3
08/10/2020 08:36;1;78;seco;5;87;FALSE;1
17/10/2024 11:31;19;56;asfalto molhado;36;46;FALSE;3
11/11/2025 08:20;10;6;telhado;82;52;FALSE;2
11/02/2023 14:08;14;36;navegavel;48;51;TRUE;1
05/09/2023 20:19;49;87;asfalto molhado;47;47;TRUE;4
04/07/2022 22:39;3;49;lama;55;90;TRUE;3
15/08/2024 02:24;16;27;telhado;43;3;FALSE;2
01/01/2024 23:01;16;59;navegavel;18;7;FALSE;2
11/09/2023 19:24;15;72;asfalto molhado;41;91;TRUE;3
03/11/2020 18:28;16;31;seco;16;96;TRUE;1
21/11/2024 21:37;49;30;asfalto molhado;15;15;FALSE;2
02/02/2024 15:01;4;83;lama;85;85;FALSE;3
20/08/2024 21:22;45;3;lama;19;90;TRUE;2
15/08/2021 23:07;5;99;seco;72;15;FALSE;3
04/08/2024 16:16;28;59;asfalto molhado;13;62;FALSE;2
08/03/2022 17:51;1;57;telhado;10;42;TRUE;4
25/01/2023 10:05;27;13;asfalto molhado;43;55;TRUE;2
02/02/2023 11:36;29;54;asfalto molhado;45;32;FALSE;3
11/02/2026 09:09;37;90;telhado;61;45;TRUE;5
14/08/2022 17:39;41;40;asfalto molhado;50;98;TRUE;2
07/06/2025 11:48;26;12;telhado;57;61;FALSE;2
23/12/2021 12:13;15;32;asfalto molhado;98;79;FALSE;2
16/11/2025 20:43;37;43;asfalto molhado;92;28;FALSE;3
25/07/2020 23:27;16;36;seco;28;28;FALSE;1
14/11/2023 03:46;15;42;asfalto molhado;77;45;FALSE;3
12/05/2023 11:49;33;99;lama;41;19;TRUE;4
01/04/2020 11:32;48;83;telhado;90;48;TRUE;5
30/08/2021 17:30;49;77;lama;62;89;FALSE;3
28/09/2022 00:31;39;5;telhado;83;47;FALSE;3
17/11/2025 06:43;21;87;lama;78;25;TRUE;5
02/08/2025 00:50;31;47;seco;73;72;FALSE;1
28/06/2022 00:21;16;28;telhado;77;82;TRUE;3
14/07/2025 14:00;41;27;telhado;85;3;FALSE;3
06/01/2025 16:22;37;79;seco;22;13;FALSE;2
25/11/2020 12:39;43;33;lama;85;71;FALSE;2
02/09/2020 12:55;7;82;asfalto molhado;40;42;TRUE;4
07/11/2025 15:32;27;2;navegavel;99;74;FALSE;1
14/08/2022 18:57;37;13;seco;69;79;TRUE;2
03/12/2025 02:13;20;50;lama;77;58;FALSE;2
10/03/2024 12:21;29;51;telhado;19;51;FALSE;2
26/08/2024 04:54;18;4;navegavel;64;16;TRUE;3
15/06/2024 12:53;5;34;seco;67;35;TRUE;3
24/11/2022 15:51;2;64;lama;51;30;FALSE;4
25/03/2020 18:53;24;45;telhado;69;96;FALSE;2
25/05/2021 06:48;24;38;telhado;95;91;TRUE;3
13/07/2021 10:37;33;76;seco;97;55;TRUE;3
31/12/2023 18:23;19;87;navegavel;49;62;TRUE;2
10/11/2022 08:56;46;6;telhado;65;87;TRUE;3
09/09/2025 11:40;37;48;navegavel;35;18;TRUE;2
20/05/2024 11:02;2;24;asfalto molhado;79;16;FALSE;3
21/03/2021 10:26;9;10;asfalto molhado;72;86;FALSE;2
11/10/2024 18:31;8;73;telhado;12;59;TRUE;3
21/01/2025 01:00;47;37;seco;24;55;FALSE;0
18/10/2025 07:18;30;8;navegavel;63;54;TRUE;2
02/03/2026 03:54;8;67;asfalto molhado;19;27;FALSE;3
11/07/2023 01:21;37;65;lama;57;61;TRUE;4
14/12/2023 12:41;13;56;seco;26;94;TRUE;2
24/03/2023 02:41;5;89;telhado;70;1;FALSE;4
14/08/2024 07:15;1;76;lama;42;12;TRUE;4
10/04/2025 20:59;0;35;telhado;50;92;TRUE;2
28/09/2024 09:00;38;37;seco;93;25;FALSE;2
19/07/2022 03:36;14;14;navegavel;1;13;TRUE;2
25/01/2025 08:20;31;45;seco;76;36;FALSE;2
15/05/2025 08:04;46;38;asfalto molhado;69;9;TRUE;4
23/04/2020 13:10;46;33;lama;78;33;TRUE;4
23/09/2022 06:53;0;21;seco;14;43;FALSE;1
22/09/2023 20:26;26;79;asfalto molhado;49;77;FALSE;2
11/03/2022 15:14;45;18;navegavel;60;22;TRUE;3
14/01/2024 19:49;31;16;seco;36;24;FALSE;1
31/12/2020 10:51;32;17;navegavel;79;55;FALSE;1
24/04/2020 15:19;39;78;asfalto molhado;14;90;FALSE;2
03/06/2025 12:19;39;51;asfalto molhado;35;2;TRUE;4
21/12/2024 05:35;41;99;asfalto molhado;74;1;FALSE;4
14/02/2022 02:25;14;26;navegavel;1;90;TRUE;1
22/05/2020 20:21;9;14;lama;89;51;FALSE;2
17/10/2023 11:16;6;22;seco;42;96;FALSE;0
11/11/2021 23:34;14;1;navegavel;77;9;FALSE;2
19/10/2024 01:24;37;37;navegavel;68;16;FALSE;2
27/04/2024 15:07;47;36;navegavel;60;57;FALSE;1
28/01/2025 08:18;14;51;asfalto molhado;33;29;FALSE;3
10/11/2023 16:57;17;10;seco;90;87;TRUE;2
02/10/2025 19:58;36;87;seco;84;48;FALSE;3
22/03/2022 22:29;1;21;navegavel;94;14;FALSE;2
25/11/2023 02:04;33;12;asfalto molhado;20;93;TRUE;2
01/02/2026 18:18;28;31;seco;17;59;TRUE;1
24/12/2024 17:52;34;17;asfalto molhado;66;98;FALSE;2
30/01/2023 02:29;16;50;asfalto molhado;29;99;FALSE;1
02/08/2020 09:18;42;72;navegavel;44;7;TRUE;3
05/07/2022 23:37;1;37;navegavel;70;2;FALSE;2
03/11/2022 17:31;17;28;navegavel;59;37;FALSE;2
13/03/2026 18:05;16;86;seco;17;79;FALSE;1
23/07/2023 22:39;28;51;lama;85;18;FALSE;4
03/03/2026 22:51;16;10;asfalto molhado;84;94;FALSE;2
23/01/2026 14:29;20;64;asfalto molhado;64;86;FALSE;3
29/03/2025 20:55;30;16;lama;6;16;FALSE;2
09/01/2026 03:29;16;45;seco;37;88;FALSE;0
02/05/2020 19:26;37;20;navegavel;12;72;TRUE;1
14/08/2022 09:25;14;41;navegavel;70;65;FALSE;1
17/01/2020 15:47;23;75;lama;97;91;TRUE;4
06/12/2021 20:22;23;26;navegavel;54;33;FALSE;2
07/03/2023 11:34;41;92;asfalto molhado;37;62;FALSE;2
