data;local;risco;n_pessoas;origem;espera;vulneraveis;necessita_medico;nivel_aguasentimento;confiavel;prioridade;nivel_agua;sentimento
23/12/2021 14:46;0;3;2;190;104;FALSE;FALSE;;TRUE;3;cintura;panico
17/03/2021 08:38;43;3;5;instagram;115;FALSE;FALSE;;TRUE;2;tornozelo;calmo
12/04/2026 16:13;25;4;2;instagram;78;FALSE;FALSE;;FALSE;2;tornozelo;calmo
16/04/2020 16:36;36;1;1;instagram;30;FALSE;FALSE;;TRUE;0;tornozelo;nervoso
06/09/2023 20:00;22;2;2;instagram;115;FALSE;FALSE;;TRUE;2;tornozelo;panico
20/06/2020 07:29;11;1;7;whatsapp;109;FALSE;FALSE;;FALSE;0;cintura;nervoso
09/02/2025 04:57;25;3;8;190;48;FALSE;FALSE;;TRUE;3;cintura;panico
26/03/2020 22:01;21;4;5;whatsapp;74;FALSE;TRUE;;TRUE;3;cintura;calmo
28/01/2023 22:43;8;3;2;190;14;FALSE;FALSE;;TRUE;1;tornozelo;nervoso
15/07/2022 12:32;5;2;6;instagram;68;FALSE;TRUE;;FALSE;3;tornozelo;nervoso
15/05/2021 02:12;0;2;3;instagram;30;TRUE;FALSE;;TRUE;1;tornozelo;nervoso
18/11/2023 12:39;37;2;6;190;76;TRUE;FALSE;;TRUE;5;teto;nervoso
12/03/2020 02:41;18;2;3;whatsapp;11;FALSE;FALSE;;TRUE;0;cintura;calmo
26/09/2024 22:51;45;3;2;190;81;FALSE;FALSE;;TRUE;0;cintura;panico
17/01/2021 21:31;23;2;9;190;5;FALSE;FALSE;;TRUE;4;teto;panico
13/09/2023 10:07;30;2;8;190;84;FALSE;FALSE;;TRUE;2;cintura;nervoso
28/06/2025 18:59;26;1;3;190;27;FALSE;FALSE;;TRUE;0;tornozelo;nervoso
16/05/2025 14:48;47;1;2;whatsapp;61;TRUE;FALSE;;TRUE;3;cintura;panico
14/08/2020 04:16;39;3;8;whatsapp;4;FALSE;FALSE;;TRUE;2;tornozelo;calmo
10/07/2024 20:01;48;1;8;190;59;TRUE;FALSE;;TRUE;4;teto;calmo
01/06/2024 05:45;32;4;3;190;53;FALSE;FALSE;;TRUE;1;tornozelo;nervoso
28/03/2022 02:50;19;2;7;whatsapp;79;FALSE;FALSE;;TRUE;3;tornozelo;panico
21/05/2021 02:57;31;2;7;whatsapp;103;FALSE;FALSE;;FALSE;2;tornozelo;calmo
15/02/2026 21:17;10;2;6;whatsapp;9;FALSE;FALSE;;TRUE;1;tornozelo;calmo
24/11/2025 12:26;23;1;8;instagram;0;FALSE;TRUE;;TRUE;2;tornozelo;nervoso
14/08/2025 10:43;13;4;7;whatsapp;28;TRUE;FALSE;;FALSE;4;tornozelo;panico
06/11/2020 22:59;38;2;5;190;20;TRUE;FALSE;;TRUE;4;teto;panico
06/10/2024 05:36;28;2;8;190;35;FALSE;FALSE;;TRUE;1;cintura;calmo
07/12/2020 23:56;38;1;5;190;107;FALSE;FALSE;;TRUE;3;teto;nervoso
05/03/2026 18:53;15;1;5;instagram;111;FALSE;FALSE;;TRUE;4;teto;panico
26/05/2020 17:50;0;5;4;whatsapp;50;FALSE;FALSE;;TRUE;2;tornozelo;panico
08/01/2023 12:10;29;2;5;instagram;101;FALSE;TRUE;;TRUE;3;cintura;panico
19/04/2026 20:38;16;3;6;whatsapp;64;FALSE;FALSE;;FALSE;0;teto;calmo
03/04/2021 22:45;42;2;5;whatsapp;96;FALSE;FALSE;;TRUE;3;teto;nervoso
08/01/2022 13:34;25;0;7;instagram;3;FALSE;FALSE;;TRUE;1;tornozelo;nervoso
16/07/2020 18:05;46;1;7;190;105;FALSE;FALSE;;TRUE;4;teto;nervoso
30/12/2023 06:59;43;2;4;whatsapp;54;TRUE;FALSE;;TRUE;3;teto;calmo
10/05/2023 18:49;14;3;5;190;48;FALSE;FALSE;;TRUE;4;teto;panico
07/07/2022 02:53;43;1;6;instagram;113;FALSE;FALSE;;FALSE;4;teto;nervoso
22/01/2022 03:48;4;2;3;instagram;25;FALSE;FALSE;;TRUE;1;cintura;panico
15/07/2024 21:23;1;2;4;instagram;53;FALSE;FALSE;;TRUE;0;teto;calmo
03/12/2024 04:13;1;3;2;190;106;FALSE;FALSE;;FALSE;3;tornozelo;panico
08/08/2021 12:44;11;2;2;whatsapp;90;FALSE;FALSE;;TRUE;3;teto;nervoso
16/05/2022 12:21;2;3;3;whatsapp;62;FALSE;FALSE;;TRUE;0;teto;calmo
11/09/2025 21:37;23;2;2;whatsapp;113;TRUE;FALSE;;TRUE;2;cintura;nervoso
25/08/2020 17:58;25;3;5;190;70;FALSE;FALSE;;TRUE;3;tornozelo;panico
04/01/2025 19:50;45;3;3;190;68;FALSE;FALSE;;TRUE;0;cintura;panico
17/08/2025 13:56;41;2;4;whatsapp;98;FALSE;FALSE;;TRUE;2;tornozelo;panico
02/01/2022 13:27;13;2;8;190;49;FALSE;FALSE;;TRUE;0;cintura;calmo
15/07/2023 19:37;35;4;2;whatsapp;34;FALSE;FALSE;;TRUE;0;teto;calmo
18/04/2021 02:08;15;2;2;whatsapp;35;FALSE;TRUE;;TRUE;2;cintura;panico
01/07/2022 10:11;12;5;6;190;71;FALSE;FALSE;;TRUE;3;cintura;nervoso
16/05/2020 23:19;40;3;9;whatsapp;47;FALSE;FALSE;;TRUE;5;teto;panico
06/12/2024 20:32;44;1;1;instagram;23;FALSE;FALSE;;FALSE;0;tornozelo;nervoso
26/03/2025 11:02;4;3;6;whatsapp;24;FALSE;FALSE;;TRUE;4;teto;nervoso
26/07/2020 00:58;13;3;2;whatsapp;14;FALSE;TRUE;;TRUE;3;cintura;panico
10/07/2025 18:57;35;0;9;instagram;112;FALSE;FALSE;;TRUE;3;tornozelo;panico
07/10/2023 09:08;43;3;2;instagram;40;TRUE;FALSE;;TRUE;4;teto;nervoso
20/02/2025 20:28;19;4;8;whatsapp;104;FALSE;FALSE;;TRUE;5;teto;calmo
15/06/2021 12:38;37;2;7;190;52;FALSE;FALSE;;TRUE;1;cintura;calmo
14/04/2026 21:31;27;1;7;whatsapp;44;FALSE;FALSE;;TRUE;3;teto;calmo
08/08/2024 14:39;23;3;5;instagram;66;FALSE;FALSE;;TRUE;0;teto;calmo
13/02/2024 10:36;34;2;8;whatsapp;101;FALSE;FALSE;;TRUE;0;cintura;nervoso
30/08/2022 09:17;39;3;7;190;83;TRUE;FALSE;;TRUE;5;tornozelo;panico
01/06/2024 23:24;48;1;8;instagram;58;FALSE;FALSE;;TRUE;1;cintura;nervoso
20/04/2021 06:11;18;2;2;190;101;FALSE;FALSE;;TRUE;1;cintura;nervoso
09/04/2023 21:37;21;3;7;whatsapp;1;FALSE;TRUE;;TRUE;3;cintura;nervoso
17/12/2023 11:08;26;3;5;whatsapp;55;FALSE;FALSE;;TRUE;0;cintura;panico
16/07/2024 04:47;25;3;2;instagram;41;FALSE;FALSE;;TRUE;2;tornozelo;panico
14/09/2020 04:29;30;3;3;instagram;111;FALSE;FALSE;;TRUE;2;cintura;calmo
27/01/2022 20:39;32;1;8;190;54;FALSE;FALSE;;TRUE;1;tornozelo;calmo
17/08/2022 21:39;46;2;8;whatsapp;53;FALSE;FALSE;;TRUE;1;cintura;calmo
08/03/2023 13:10;47;4;6;190;70;FALSE;FALSE;;TRUE;6;teto;panico
14/03/2024 23:08;21;2;6;whatsapp;30;FALSE;FALSE;;TRUE;4;teto;panico
25/01/2026 05:11;36;1;8;190;105;FALSE;FALSE;;FALSE;2;cintura;calmo
23/12/2023 04:24;44;3;5;whatsapp;55;FALSE;FALSE;;TRUE;4;teto;panico
30/12/2022 22:09;48;2;8;190;18;TRUE;FALSE;;TRUE;0;teto;nervoso
28/12/2024 15:03;2;1;9;instagram;27;FALSE;FALSE;;TRUE;1;tornozelo;nervoso
07/12/2020 07:48;12;3;6;whatsapp;86;FALSE;FALSE;;TRUE;3;tornozelo;calmo
19/11/2024 15:19;20;4;7;190;70;FALSE;FALSE;;TRUE;4;cintura;panico
17/04/2021 09:07;14;4;9;instagram;18;FALSE;TRUE;;TRUE;5;teto;calmo
01/10/2021 03:21;29;2;2;190;22;FALSE;FALSE;;TRUE;0;tornozelo;nervoso
14/02/2025 05:11;25;0;4;whatsapp;56;FALSE;FALSE;;TRUE;2;teto;nervoso
07/02/2024 22:24;24;3;3;instagram;69;TRUE;FALSE;;TRUE;4;cintura;panico
13/07/2021 11:10;1;4;7;whatsapp;9;FALSE;FALSE;;TRUE;2;tornozelo;calmo
01/09/2021 07:31;1;2;4;instagram;3;FALSE;FALSE;;FALSE;0;tornozelo;nervoso
07/01/2021 12:04;4;1;2;whatsapp;100;FALSE;FALSE;;TRUE;1;cintura;calmo
08/08/2021 02:04;8;2;7;instagram;61;FALSE;FALSE;;TRUE;2;cintura;nervoso
27/03/2024 10:33;9;2;6;whatsapp;43;FALSE;FALSE;;TRUE;0;teto;panico
29/03/2026 20:57;18;2;9;whatsapp;55;FALSE;FALSE;;FALSE;3;teto;calmo
27/07/2025 13:44;41;3;8;whatsapp;5;TRUE;FALSE;;TRUE;0;teto;nervoso
08/04/2022 18:27;16;3;7;190;3;FALSE;FALSE;;TRUE;2;tornozelo;calmo
07/01/2020 22:40;39;3;3;whatsapp;26;FALSE;FALSE;;TRUE;0;cintura;panico
14/11/2022 16:54;23;2;2;190;21;TRUE;FALSE;;TRUE;1;cintura;calmo
15/02/2026 08:47;48;4;9;whatsapp;25;FALSE;FALSE;;TRUE;3;tornozelo;panico
05/03/2020 01:24;1;1;1;instagram;59;TRUE;FALSE;;TRUE;1;tornozelo;nervoso
05/12/2021 00:17;30;3;8;190;118;FALSE;FALSE;;TRUE;3;cintura;nervoso
18/05/2021 11:06;22;3;1;190;100;FALSE;FALSE;;TRUE;2;tornozelo;calmo
30/07/2025 17:06;17;2;5;190;33;FALSE;FALSE;;TRUE;0;teto;nervoso
09/12/2022 20:26;39;2;3;190;109;FALSE;FALSE;;TRUE;1;cintura;nervoso
11/07/2024 04:41;30;3;6;whatsapp;4;FALSE;FALSE;;TRUE;4;teto;calmo
29/06/2021 16:35;9;3;8;190;22;FALSE;FALSE;;TRUE;2;tornozelo;nervoso
11/01/2020 20:36;12;3;8;instagram;86;FALSE;FALSE;;TRUE;4;tornozelo;panico
29/06/2024 20:50;25;3;6;190;76;FALSE;FALSE;;TRUE;3;cintura;calmo
01/05/2020 20:53;18;1;6;190;2;FALSE;TRUE;;TRUE;2;cintura;calmo
25/08/2024 15:44;29;3;9;190;111;FALSE;TRUE;;TRUE;6;teto;calmo
05/12/2025 17:16;8;5;2;whatsapp;13;FALSE;FALSE;;TRUE;3;teto;nervoso
11/02/2022 10:54;47;3;5;whatsapp;82;FALSE;FALSE;;TRUE;3;tornozelo;panico
28/07/2025 08:00;8;2;1;instagram;55;TRUE;FALSE;;TRUE;3;teto;nervoso
19/03/2023 19:39;18;2;6;190;88;FALSE;FALSE;;TRUE;2;cintura;calmo
22/09/2021 21:14;46;3;5;whatsapp;9;FALSE;FALSE;;TRUE;4;teto;panico
14/02/2024 10:04;43;3;1;whatsapp;110;FALSE;FALSE;;TRUE;4;teto;nervoso
15/11/2024 20:51;32;2;2;instagram;110;FALSE;FALSE;;TRUE;3;teto;calmo
30/04/2020 23:51;22;2;6;190;39;FALSE;FALSE;;TRUE;3;teto;nervoso
14/10/2023 18:17;27;3;2;instagram;19;FALSE;FALSE;;TRUE;3;teto;nervoso
05/04/2026 04:14;36;4;3;190;58;FALSE;FALSE;;TRUE;1;cintura;calmo
26/04/2020 05:50;3;3;9;190;28;TRUE;FALSE;;TRUE;3;tornozelo;calmo
19/03/2021 06:57;47;3;8;whatsapp;90;FALSE;FALSE;;TRUE;4;tornozelo;panico
22/03/2022 11:28;1;2;3;whatsapp;86;FALSE;FALSE;;TRUE;1;cintura;nervoso
29/10/2021 10:16;1;2;1;190;47;FALSE;FALSE;;TRUE;1;cintura;panico
03/03/2023 04:35;6;5;5;190;70;FALSE;FALSE;;TRUE;0;teto;panico
30/08/2024 00:11;23;4;8;instagram;59;FALSE;FALSE;;TRUE;2;tornozelo;calmo
30/06/2021 17:06;26;1;7;instagram;113;FALSE;FALSE;;TRUE;2;tornozelo;calmo
08/01/2023 15:38;24;3;7;190;78;FALSE;FALSE;;TRUE;6;teto;panico
24/03/2024 04:51;27;3;8;whatsapp;21;FALSE;FALSE;;TRUE;4;teto;nervoso
29/07/2024 15:06;39;1;8;whatsapp;65;FALSE;FALSE;;TRUE;0;tornozelo;nervoso
25/09/2024 23:35;20;2;5;190;52;TRUE;FALSE;;TRUE;3;teto;nervoso
01/07/2025 14:48;36;2;5;190;42;FALSE;FALSE;;FALSE;0;tornozelo;calmo
25/03/2022 04:28;24;3;9;instagram;70;TRUE;FALSE;;TRUE;5;tornozelo;panico
29/09/2020 08:00;41;2;7;190;86;FALSE;FALSE;;FALSE;5;teto;panico
25/12/2020 17:45;5;2;2;190;84;FALSE;FALSE;;TRUE;1;tornozelo;nervoso
08/06/2020 21:56;47;2;8;190;8;FALSE;FALSE;;TRUE;2;cintura;panico
11/03/2020 20:08;17;1;6;190;23;FALSE;FALSE;;TRUE;2;tornozelo;panico
28/02/2026 08:03;0;3;4;whatsapp;86;FALSE;FALSE;;TRUE;5;teto;panico
19/10/2025 21:51;34;3;6;190;24;FALSE;FALSE;;TRUE;5;teto;panico
06/11/2024 15:55;39;2;8;190;9;FALSE;FALSE;;TRUE;2;cintura;panico
04/03/2022 08:17;28;2;6;whatsapp;95;FALSE;FALSE;;TRUE;2;tornozelo;nervoso
05/09/2024 11:10;33;3;6;instagram;62;FALSE;FALSE;;TRUE;6;teto;panico
25/05/2023 06:11;30;3;3;instagram;35;FALSE;FALSE;;FALSE;1;tornozelo;calmo
18/09/2022 19:47;44;1;2;instagram;24;FALSE;FALSE;;TRUE;0;cintura;calmo
05/08/2021 01:59;30;3;7;instagram;56;FALSE;TRUE;;TRUE;3;tornozelo;calmo
18/03/2026 14:39;19;2;8;instagram;75;FALSE;FALSE;;TRUE;3;tornozelo;panico
24/05/2020 09:42;4;4;9;190;80;FALSE;FALSE;;TRUE;3;cintura;calmo
27/06/2022 22:53;40;3;8;whatsapp;30;FALSE;FALSE;;FALSE;2;tornozelo;calmo
18/03/2020 13:56;18;2;8;190;13;FALSE;FALSE;;FALSE;1;cintura;calmo
28/08/2020 15:48;25;3;4;whatsapp;67;TRUE;TRUE;;TRUE;4;tornozelo;calmo
13/08/2020 04:23;27;2;1;instagram;87;TRUE;FALSE;;FALSE;2;tornozelo;nervoso
08/02/2026 23:19;20;2;2;instagram;79;FALSE;FALSE;;TRUE;3;teto;calmo
23/02/2021 04:15;11;3;2;190;32;FALSE;FALSE;;TRUE;3;teto;nervoso
19/03/2020 10:48;12;2;5;190;100;TRUE;FALSE;;FALSE;2;tornozelo;calmo
17/02/2023 11:13;7;2;3;whatsapp;92;FALSE;FALSE;;FALSE;1;cintura;nervoso
29/07/2023 14:45;24;2;2;instagram;107;FALSE;FALSE;;TRUE;0;teto;panico
06/09/2022 22:36;19;1;3;190;20;TRUE;FALSE;;TRUE;1;tornozelo;calmo
24/07/2025 18:40;11;1;1;instagram;38;FALSE;FALSE;;FALSE;1;cintura;panico
20/12/2020 00:30;44;3;5;190;10;FALSE;FALSE;;TRUE;1;tornozelo;calmo
07/08/2022 01:41;16;1;5;instagram;42;FALSE;FALSE;;FALSE;2;teto;nervoso
09/12/2021 02:24;44;3;8;whatsapp;78;FALSE;FALSE;;FALSE;4;tornozelo;panico
09/04/2020 14:50;34;3;3;190;71;FALSE;FALSE;;TRUE;0;teto;panico
01/06/2024 03:41;17;3;5;instagram;55;FALSE;FALSE;;TRUE;1;tornozelo;calmo
24/09/2024 01:29;33;2;9;whatsapp;11;FALSE;FALSE;;TRUE;3;teto;calmo
04/12/2025 21:17;33;0;6;190;21;FALSE;FALSE;;TRUE;4;teto;panico
31/05/2024 06:04;40;3;9;instagram;108;TRUE;FALSE;;TRUE;6;teto;calmo
02/12/2023 11:05;18;1;2;instagram;38;FALSE;TRUE;;TRUE;3;teto;calmo
19/12/2025 09:17;15;4;9;whatsapp;7;FALSE;FALSE;;TRUE;3;cintura;panico
10/02/2021 15:51;24;4;8;190;103;FALSE;FALSE;;TRUE;5;teto;calmo
07/09/2022 10:16;6;3;3;whatsapp;8;FALSE;FALSE;;TRUE;3;teto;calmo
04/09/2023 02:50;25;1;6;whatsapp;106;FALSE;FALSE;;TRUE;2;cintura;calmo
20/02/2020 03:30;43;4;3;whatsapp;21;FALSE;FALSE;;TRUE;1;tornozelo;nervoso
30/04/2025 06:45;41;2;7;whatsapp;50;FALSE;FALSE;;TRUE;3;teto;nervoso
08/08/2025 03:24;26;2;4;190;86;TRUE;FALSE;;TRUE;4;teto;nervoso
01/10/2022 14:28;40;1;3;instagram;49;FALSE;FALSE;;TRUE;0;cintura;nervoso
01/12/2025 14:54;21;3;9;190;88;FALSE;TRUE;;TRUE;6;teto;nervoso
26/04/2021 19:07;4;1;8;whatsapp;33;FALSE;FALSE;;TRUE;0;tornozelo;panico
02/02/2025 06:50;39;3;5;190;30;TRUE;FALSE;;TRUE;3;cintura;panico
15/01/2023 00:18;2;3;8;whatsapp;110;FALSE;FALSE;;TRUE;3;tornozelo;nervoso
03/04/2020 05:20;14;3;7;190;62;FALSE;FALSE;;TRUE;4;cintura;panico
21/11/2020 15:50;24;2;5;instagram;77;TRUE;FALSE;;TRUE;2;cintura;calmo
12/04/2022 22:20;24;4;9;whatsapp;57;TRUE;FALSE;;TRUE;0;tornozelo;nervoso
02/02/2020 00:56;3;3;2;whatsapp;89;FALSE;FALSE;;TRUE;3;cintura;panico
01/06/2021 14:04;5;2;1;whatsapp;26;FALSE;FALSE;;TRUE;1;tornozelo;panico
09/07/2025 22:46;13;2;3;190;103;FALSE;FALSE;;TRUE;2;tornozelo;panico
20/12/2025 16:56;18;3;1;whatsapp;15;FALSE;FALSE;;TRUE;1;cintura;calmo
08/06/2024 02:24;22;3;3;instagram;54;FALSE;FALSE;;FALSE;4;teto;panico
09/04/2022 09:12;41;2;1;whatsapp;11;FALSE;FALSE;;TRUE;1;cintura;panico
25/09/2021 19:18;48;1;3;whatsapp;86;TRUE;FALSE;;TRUE;4;teto;nervoso
08/10/2021 12:17;36;1;5;whatsapp;37;FALSE;FALSE;;TRUE;1;cintura;panico
28/04/2024 19:25;33;4;2;whatsapp;65;FALSE;FALSE;;TRUE;0;tornozelo;panico
22/11/2023 04:05;6;3;2;whatsapp;19;FALSE;FALSE;;TRUE;2;tornozelo;panico
10/05/2022 20:21;0;5;1;190;54;FALSE;FALSE;;TRUE;2;tornozelo;panico
01/03/2021 06:27;4;3;2;instagram;19;FALSE;FALSE;;TRUE;1;cintura;nervoso
14/11/2025 07:00;3;2;1;instagram;18;FALSE;FALSE;;TRUE;1;tornozelo;panico
08/02/2022 19:01;33;2;4;instagram;63;FALSE;FALSE;;TRUE;1;tornozelo;nervoso
06/04/2024 06:47;13;3;2;instagram;1;FALSE;FALSE;;TRUE;2;tornozelo;panico
08/02/2021 01:59;42;3;3;whatsapp;56;FALSE;TRUE;;TRUE;3;cintura;panico
26/03/2024 00:51;12;4;5;whatsapp;119;FALSE;FALSE;;TRUE;4;teto;nervoso
01/03/2022 01:27;30;2;6;whatsapp;87;FALSE;FALSE;;TRUE;4;teto;nervoso
01/06/2024 10:15;29;1;8;instagram;101;TRUE;FALSE;;TRUE;5;teto;nervoso
15/05/2025 07:42;33;3;4;whatsapp;85;FALSE;FALSE;;TRUE;5;teto;panico
09/05/2021 00:01;49;1;3;190;23;FALSE;FALSE;;TRUE;2;teto;calmo
04/01/2023 17:43;29;2;4;190;27;FALSE;FALSE;;TRUE;3;teto;panico
27/01/2023 13:33;47;3;8;whatsapp;79;FALSE;FALSE;;TRUE;5;teto;calmo
06/03/2024 06:28;49;2;7;instagram;104;FALSE;FALSE;;FALSE;2;cintura;nervoso
26/04/2022 00:52;5;4;5;190;16;FALSE;FALSE;;TRUE;1;tornozelo;calmo
17/02/2026 14:28;22;2;9;whatsapp;19;FALSE;FALSE;;TRUE;2;cintura;panico
25/07/2025 18:01;47;2;8;instagram;112;TRUE;FALSE;;TRUE;4;cintura;panico
07/03/2023 00:40;33;2;8;whatsapp;6;FALSE;FALSE;;TRUE;1;tornozelo;nervoso
07/08/2021 07:43;47;4;5;instagram;86;FALSE;FALSE;;TRUE;5;teto;panico
20/01/2025 10:11;37;2;4;instagram;66;TRUE;FALSE;;TRUE;3;tornozelo;panico
07/01/2022 17:14;43;1;7;190;21;FALSE;FALSE;;FALSE;1;cintura;calmo
30/05/2021 18:06;40;2;6;190;0;FALSE;TRUE;;TRUE;3;cintura;panico
31/07/2022 14:29;40;4;9;190;89;FALSE;FALSE;;TRUE;5;teto;nervoso
02/11/2021 23:28;45;3;2;whatsapp;0;FALSE;TRUE;;TRUE;2;cintura;calmo
25/08/2023 21:38;28;4;6;whatsapp;24;FALSE;FALSE;;FALSE;3;cintura;panico
25/05/2020 03:20;11;2;2;instagram;105;FALSE;FALSE;;TRUE;1;cintura;nervoso
26/02/2021 23:33;26;3;9;190;50;FALSE;FALSE;;TRUE;3;cintura;panico
11/07/2025 20:50;8;3;3;instagram;28;FALSE;FALSE;;TRUE;1;tornozelo;nervoso
17/06/2021 15:03;29;2;4;instagram;65;FALSE;FALSE;;TRUE;1;cintura;calmo
17/10/2024 15:08;7;1;3;whatsapp;82;TRUE;FALSE;;TRUE;5;teto;panico
09/02/2026 05:11;11;3;7;whatsapp;96;TRUE;FALSE;;TRUE;6;teto;calmo
02/10/2025 19:40;20;3;5;instagram;77;FALSE;FALSE;;TRUE;2;tornozelo;nervoso
21/03/2024 01:59;17;3;9;whatsapp;58;FALSE;FALSE;;TRUE;0;tornozelo;panico
27/03/2023 05:56;0;1;2;190;52;FALSE;TRUE;;TRUE;2;tornozelo;panico
20/09/2023 20:14;49;2;9;190;60;TRUE;FALSE;;TRUE;2;tornozelo;nervoso
31/07/2024 21:13;22;3;9;190;88;FALSE;FALSE;;TRUE;5;teto;calmo
12/02/2022 17:53;24;2;6;whatsapp;110;FALSE;FALSE;;TRUE;2;tornozelo;calmo
27/01/2020 12:57;39;2;9;instagram;90;FALSE;FALSE;;TRUE;2;cintura;nervoso
12/06/2021 01:48;38;2;6;whatsapp;41;TRUE;FALSE;;TRUE;2;cintura;calmo
30/07/2023 08:36;8;3;7;190;91;FALSE;FALSE;;TRUE;4;cintura;panico
03/08/2025 14:09;21;3;1;whatsapp;41;FALSE;FALSE;;TRUE;2;cintura;panico
26/02/2024 21:32;44;1;8;190;95;FALSE;FALSE;;TRUE;2;tornozelo;nervoso
02/07/2020 16:41;46;1;8;instagram;115;FALSE;FALSE;;TRUE;3;tornozelo;panico
12/07/2022 20:44;41;3;2;instagram;104;FALSE;FALSE;;TRUE;3;cintura;panico
30/08/2025 07:54;19;4;8;instagram;19;FALSE;FALSE;;TRUE;4;teto;nervoso
20/04/2026 08:59;38;2;4;instagram;16;FALSE;FALSE;;TRUE;0;cintura;nervoso
19/07/2024 02:18;37;4;7;instagram;43;TRUE;FALSE;;TRUE;3;cintura;calmo
12/05/2025 07:12;49;1;7;whatsapp;85;FALSE;FALSE;;TRUE;2;cintura;calmo
24/10/2024 11:43;20;2;1;instagram;81;TRUE;FALSE;;TRUE;2;cintura;nervoso
15/06/2025 00:15;22;5;2;instagram;31;FALSE;TRUE;;TRUE;4;teto;nervoso
29/05/2025 08:18;35;3;7;instagram;18;FALSE;FALSE;;TRUE;2;tornozelo;calmo
17/03/2026 21:30;31;1;9;instagram;40;FALSE;FALSE;;TRUE;3;teto;calmo
19/04/2022 08:50;11;3;7;whatsapp;3;TRUE;FALSE;;TRUE;6;teto;panico
08/04/2021 22:17;9;1;6;instagram;20;TRUE;FALSE;;TRUE;3;tornozelo;panico
12/12/2022 14:35;46;1;5;whatsapp;83;FALSE;FALSE;;TRUE;3;teto;nervoso
10/09/2025 21:10;7;3;9;whatsapp;19;FALSE;TRUE;;TRUE;3;tornozelo;nervoso
23/07/2021 12:14;7;2;2;instagram;59;FALSE;FALSE;;FALSE;2;teto;calmo
06/07/2024 08:53;45;3;8;190;19;FALSE;FALSE;;TRUE;0;tornozelo;calmo
29/03/2022 00:34;47;1;7;whatsapp;60;TRUE;FALSE;;FALSE;2;cintura;nervoso
22/03/2026 18:26;15;5;1;whatsapp;75;FALSE;FALSE;;TRUE;2;tornozelo;nervoso
15/05/2023 02:09;1;1;1;190;20;FALSE;FALSE;;TRUE;0;cintura;calmo
01/04/2023 04:26;19;1;9;whatsapp;18;FALSE;FALSE;;TRUE;4;teto;panico
01/10/2020 00:20;36;4;8;instagram;75;TRUE;FALSE;;TRUE;5;cintura;panico
16/06/2023 03:59;25;0;5;190;116;FALSE;FALSE;;TRUE;3;teto;nervoso
18/10/2024 21:35;16;0;4;190;86;FALSE;FALSE;;TRUE;1;cintura;calmo
30/04/2021 20:53;23;1;2;190;7;TRUE;FALSE;;TRUE;3;teto;calmo
26/12/2021 15:50;27;3;4;190;75;TRUE;FALSE;;TRUE;6;teto;panico
19/01/2021 14:24;31;3;5;190;70;FALSE;FALSE;;TRUE;3;tornozelo;panico
24/01/2023 09:47;39;2;1;whatsapp;4;TRUE;FALSE;;TRUE;2;tornozelo;panico
14/04/2022 01:33;0;2;5;instagram;99;FALSE;FALSE;;TRUE;1;tornozelo;nervoso
14/06/2024 22:37;45;0;2;190;10;FALSE;FALSE;;TRUE;2;teto;calmo
17/11/2020 12:02;30;3;8;190;88;FALSE;FALSE;;TRUE;3;cintura;calmo
28/08/2022 17:49;36;3;1;instagram;95;TRUE;FALSE;;FALSE;4;tornozelo;panico
07/05/2020 23:01;26;4;8;whatsapp;43;FALSE;FALSE;;TRUE;4;teto;calmo
15/07/2024 12:21;37;2;1;190;80;FALSE;FALSE;;TRUE;1;tornozelo;nervoso
10/03/2025 23:53;33;3;4;instagram;36;FALSE;FALSE;;TRUE;1;cintura;calmo
08/02/2022 21:40;2;3;9;instagram;87;FALSE;FALSE;;TRUE;5;teto;nervoso
11/03/2023 12:40;46;2;2;whatsapp;110;TRUE;FALSE;;TRUE;4;teto;nervoso
20/05/2024 22:07;23;4;5;whatsapp;83;TRUE;FALSE;;TRUE;0;cintura;nervoso
20/04/2024 15:50;28;3;1;whatsapp;78;FALSE;FALSE;;TRUE;2;cintura;nervoso
11/06/2024 11:50;2;3;6;whatsapp;42;FALSE;FALSE;;TRUE;3;cintura;panico
15/07/2020 14:55;3;3;3;190;119;FALSE;FALSE;;TRUE;4;teto;nervoso
14/05/2023 15:37;34;3;1;whatsapp;101;FALSE;FALSE;;TRUE;5;teto;panico
01/01/2020 04:59;2;3;9;whatsapp;1;TRUE;FALSE;;TRUE;3;cintura;calmo
04/03/2024 15:30;4;4;1;whatsapp;91;FALSE;TRUE;;TRUE;6;teto;panico
30/12/2025 17:44;40;1;8;instagram;34;FALSE;FALSE;;TRUE;3;teto;calmo
30/06/2024 11:51;25;3;2;190;52;TRUE;FALSE;;TRUE;3;cintura;panico
18/05/2021 11:43;46;4;1;instagram;30;FALSE;FALSE;;TRUE;2;cintura;panico
02/01/2023 19:12;16;0;5;whatsapp;97;FALSE;FALSE;;TRUE;2;tornozelo;panico
10/03/2022 07:39;44;2;7;whatsapp;89;FALSE;FALSE;;TRUE;2;cintura;calmo
08/07/2024 13:07;35;2;3;instagram;68;FALSE;FALSE;;TRUE;3;teto;calmo
17/11/2025 08:02;5;3;1;whatsapp;94;FALSE;FALSE;;TRUE;4;teto;nervoso
10/05/2025 07:45;18;3;3;whatsapp;48;FALSE;FALSE;;TRUE;0;cintura;calmo
13/07/2020 03:21;29;4;5;190;68;FALSE;FALSE;;TRUE;4;teto;nervoso
08/09/2022 15:50;21;3;1;whatsapp;78;FALSE;FALSE;;FALSE;2;cintura;calmo
10/05/2025 08:07;28;3;2;190;87;FALSE;FALSE;;TRUE;0;cintura;calmo
21/02/2024 01:33;7;4;6;instagram;84;FALSE;FALSE;;TRUE;5;teto;nervoso
03/06/2025 19:00;11;4;1;instagram;82;FALSE;FALSE;;TRUE;4;teto;nervoso
26/08/2021 04:53;25;3;8;190;54;FALSE;FALSE;;TRUE;2;cintura;calmo
20/04/2024 09:26;2;4;4;instagram;17;TRUE;FALSE;;TRUE;2;tornozelo;nervoso
02/12/2022 06:51;49;3;8;190;51;FALSE;FALSE;;TRUE;3;cintura;panico
08/03/2020 07:26;4;2;2;instagram;118;FALSE;FALSE;;TRUE;0;tornozelo;nervoso
20/01/2024 06:46;35;2;8;whatsapp;42;FALSE;FALSE;;TRUE;0;tornozelo;calmo
27/10/2024 02:21;41;3;1;whatsapp;108;FALSE;TRUE;;TRUE;3;tornozelo;calmo
17/03/2025 14:42;25;1;4;instagram;25;FALSE;FALSE;;TRUE;0;cintura;nervoso
14/10/2023 00:58;0;2;3;whatsapp;95;FALSE;FALSE;;TRUE;2;cintura;panico
06/05/2023 02:14;13;4;7;instagram;34;FALSE;FALSE;;TRUE;2;cintura;calmo
29/02/2024 18:17;38;2;7;190;24;FALSE;FALSE;;TRUE;1;cintura;calmo
31/03/2025 00:59;34;2;1;190;4;FALSE;FALSE;;FALSE;0;tornozelo;nervoso
08/11/2023 04:54;33;2;1;whatsapp;92;FALSE;FALSE;;TRUE;1;tornozelo;calmo
25/04/2022 05:24;14;5;9;190;109;TRUE;FALSE;;TRUE;0;cintura;calmo
12/06/2021 16:02;24;2;9;instagram;61;FALSE;FALSE;;TRUE;2;cintura;calmo
22/10/2020 07:07;44;3;2;whatsapp;12;FALSE;FALSE;;TRUE;3;teto;calmo
28/07/2025 19:25;10;2;8;whatsapp;28;FALSE;FALSE;;TRUE;1;cintura;nervoso
09/04/2020 23:27;40;2;3;whatsapp;22;FALSE;FALSE;;TRUE;0;tornozelo;panico
16/05/2020 01:14;47;2;2;whatsapp;72;FALSE;FALSE;;TRUE;3;teto;nervoso
24/02/2025 18:33;34;3;3;instagram;27;FALSE;FALSE;;TRUE;1;cintura;nervoso
18/01/2022 22:52;17;3;9;190;54;FALSE;FALSE;;TRUE;2;cintura;nervoso
17/06/2020 01:18;36;3;6;190;37;TRUE;FALSE;;FALSE;5;teto;nervoso
19/08/2020 11:40;27;3;1;190;28;FALSE;FALSE;;TRUE;2;tornozelo;panico
07/01/2023 21:07;24;3;9;whatsapp;86;FALSE;FALSE;;TRUE;3;tornozelo;nervoso
14/06/2020 00:48;21;3;4;190;83;FALSE;FALSE;;TRUE;3;tornozelo;panico
06/02/2021 16:49;33;2;4;190;72;FALSE;FALSE;;TRUE;3;teto;calmo
12/10/2023 03:50;39;2;8;instagram;89;TRUE;FALSE;;TRUE;4;cintura;panico
06/10/2025 17:01;20;1;6;190;116;FALSE;FALSE;;TRUE;0;teto;panico
17/02/2025 19:14;13;3;6;instagram;80;FALSE;FALSE;;FALSE;3;cintura;calmo
21/05/2021 20:29;40;5;3;190;35;FALSE;FALSE;;TRUE;2;tornozelo;panico
28/01/2020 11:10;36;3;8;190;103;FALSE;FALSE;;TRUE;3;cintura;nervoso
27/01/2022 13:56;4;0;7;instagram;73;FALSE;TRUE;;TRUE;3;cintura;nervoso
06/03/2020 04:36;48;1;9;whatsapp;33;FALSE;FALSE;;TRUE;1;tornozelo;calmo
27/11/2021 01:20;49;1;9;whatsapp;68;FALSE;TRUE;;TRUE;3;tornozelo;calmo
05/01/2022 04:01;31;5;7;190;81;TRUE;FALSE;;TRUE;4;cintura;nervoso
25/11/2025 09:18;44;2;6;whatsapp;64;FALSE;FALSE;;TRUE;3;tornozelo;panico
21/12/2023 09:56;12;4;7;whatsapp;96;FALSE;TRUE;;TRUE;5;tornozelo;panico
19/04/2024 06:52;43;2;9;instagram;91;FALSE;FALSE;;TRUE;2;tornozelo;nervoso
29/03/2024 18:56;44;3;3;190;112;FALSE;FALSE;;TRUE;2;tornozelo;nervoso
15/11/2022 07:35;47;2;9;instagram;67;FALSE;FALSE;;TRUE;2;tornozelo;nervoso
07/06/2020 00:43;30;2;9;whatsapp;19;FALSE;FALSE;;TRUE;0;teto;nervoso
21/07/2021 03:22;37;0;4;instagram;62;FALSE;FALSE;;TRUE;2;tornozelo;panico
11/05/2025 11:40;13;1;3;whatsapp;74;FALSE;FALSE;;TRUE;4;teto;panico
23/08/2021 18:40;37;3;7;190;109;FALSE;FALSE;;TRUE;6;teto;panico
21/02/2023 08:36;38;3;7;whatsapp;44;FALSE;FALSE;;TRUE;3;cintura;panico
08/08/2023 19:25;17;2;6;whatsapp;56;TRUE;FALSE;;TRUE;3;tornozelo;panico
16/09/2023 16:40;39;4;9;instagram;102;FALSE;FALSE;;TRUE;3;cintura;calmo
06/10/2025 09:26;33;3;3;whatsapp;34;FALSE;FALSE;;TRUE;1;cintura;calmo
25/06/2025 10:36;31;2;1;whatsapp;84;FALSE;FALSE;;TRUE;2;tornozelo;panico
15/01/2022 12:08;32;3;7;instagram;67;FALSE;FALSE;;TRUE;0;teto;nervoso
09/11/2024 06:34;24;2;8;instagram;30;FALSE;FALSE;;TRUE;3;teto;nervoso
16/08/2021 14:42;44;3;6;whatsapp;38;FALSE;FALSE;;TRUE;0;teto;panico
26/04/2025 01:43;0;1;5;whatsapp;30;TRUE;FALSE;;TRUE;3;teto;nervoso
10/04/2022 23:05;9;2;6;instagram;51;FALSE;FALSE;;TRUE;3;teto;calmo
17/12/2025 01:55;20;3;8;190;95;TRUE;FALSE;;TRUE;5;tornozelo;panico
04/09/2024 06:05;49;2;3;whatsapp;37;FALSE;FALSE;;TRUE;0;cintura;nervoso
21/08/2023 17:38;48;1;3;whatsapp;15;FALSE;FALSE;;TRUE;0;tornozelo;calmo
14/01/2021 19:06;8;3;8;whatsapp;111;FALSE;FALSE;;FALSE;0;teto;nervoso
29/08/2023 20:42;1;2;2;190;3;TRUE;FALSE;;TRUE;2;cintura;panico
20/01/2023 12:31;10;2;6;instagram;87;FALSE;FALSE;;TRUE;3;cintura;panico
06/04/2026 14:34;3;1;3;whatsapp;62;TRUE;FALSE;;TRUE;3;cintura;panico
10/09/2020 09:45;15;3;9;instagram;15;FALSE;FALSE;;TRUE;5;teto;panico
03/06/2025 16:10;7;3;8;190;10;FALSE;FALSE;;FALSE;0;tornozelo;panico
05/04/2020 16:22;5;2;6;instagram;0;FALSE;FALSE;;FALSE;1;cintura;nervoso
20/04/2021 18:44;23;1;5;190;23;FALSE;FALSE;;TRUE;0;cintura;nervoso
17/11/2020 12:41;2;2;4;whatsapp;106;TRUE;FALSE;;FALSE;4;teto;nervoso
03/08/2025 14:27;36;2;2;whatsapp;87;FALSE;TRUE;;TRUE;2;cintura;calmo
27/04/2021 17:03;19;3;6;190;12;FALSE;FALSE;;FALSE;2;cintura;nervoso
16/07/2022 00:04;28;1;4;190;39;FALSE;FALSE;;TRUE;0;cintura;calmo
28/12/2020 19:28;21;2;9;190;88;TRUE;FALSE;;TRUE;3;tornozelo;nervoso
01/11/2022 17:03;41;4;3;190;94;TRUE;FALSE;;TRUE;4;cintura;panico
22/10/2020 15:29;34;2;6;190;48;FALSE;FALSE;;TRUE;3;teto;nervoso
12/09/2022 08:25;34;3;9;190;55;FALSE;FALSE;;FALSE;3;cintura;panico
10/10/2021 01:20;47;2;6;190;86;FALSE;FALSE;;FALSE;2;tornozelo;nervoso
06/01/2026 14:50;32;3;7;whatsapp;76;FALSE;FALSE;;TRUE;3;cintura;calmo
09/12/2023 10:59;41;2;8;instagram;0;FALSE;FALSE;;TRUE;1;cintura;nervoso
13/05/2023 12:56;24;1;5;whatsapp;88;FALSE;FALSE;;TRUE;2;tornozelo;panico
31/03/2024 22:01;5;3;3;instagram;106;FALSE;FALSE;;TRUE;4;teto;nervoso
17/02/2023 13:37;34;1;2;whatsapp;13;FALSE;FALSE;;TRUE;0;cintura;nervoso
05/04/2025 14:14;38;3;2;instagram;35;FALSE;FALSE;;TRUE;0;teto;panico
09/09/2022 00:02;6;1;5;whatsapp;93;FALSE;FALSE;;TRUE;0;cintura;calmo
19/03/2023 10:52;35;2;3;whatsapp;68;FALSE;FALSE;;TRUE;1;cintura;nervoso
01/12/2021 21:11;34;2;4;whatsapp;13;TRUE;FALSE;;FALSE;1;tornozelo;nervoso
22/11/2024 06:39;9;1;4;instagram;82;FALSE;FALSE;;TRUE;1;tornozelo;calmo
12/10/2024 17:28;48;1;8;instagram;40;TRUE;FALSE;;TRUE;0;tornozelo;nervoso
23/09/2025 21:28;41;2;8;instagram;13;FALSE;FALSE;;TRUE;0;teto;nervoso
15/10/2023 02:40;17;2;7;whatsapp;25;FALSE;FALSE;;TRUE;1;tornozelo;calmo
30/09/2021 20:21;43;2;9;instagram;38;FALSE;FALSE;;TRUE;3;teto;calmo
06/02/2022 17:57;24;3;3;instagram;32;TRUE;TRUE;;TRUE;4;cintura;panico
27/02/2020 08:47;10;4;8;190;43;FALSE;FALSE;;TRUE;2;cintura;nervoso
23/09/2024 10:11;42;2;4;whatsapp;83;FALSE;FALSE;;TRUE;1;cintura;calmo
06/03/2021 01:26;0;1;3;instagram;72;TRUE;FALSE;;TRUE;4;teto;calmo
23/01/2026 23:03;35;2;6;whatsapp;44;FALSE;FALSE;;TRUE;3;teto;calmo
19/01/2023 04:16;8;2;5;whatsapp;2;TRUE;FALSE;;TRUE;0;teto;nervoso
04/11/2025 10:28;41;1;2;190;62;FALSE;FALSE;;TRUE;2;cintura;panico
09/05/2023 21:58;7;3;7;instagram;115;FALSE;FALSE;;TRUE;4;tornozelo;panico
10/08/2021 22:46;19;3;9;whatsapp;36;FALSE;FALSE;;TRUE;0;tornozelo;nervoso
01/09/2025 21:57;10;2;9;instagram;80;FALSE;FALSE;;TRUE;5;teto;panico
27/06/2020 23:56;23;4;8;whatsapp;63;FALSE;FALSE;;TRUE;4;cintura;panico
08/01/2023 12:45;20;4;8;whatsapp;34;TRUE;FALSE;;TRUE;5;teto;calmo
25/08/2025 06:47;15;0;8;190;3;FALSE;FALSE;;TRUE;3;teto;nervoso
23/12/2020 03:09;41;4;9;whatsapp;60;FALSE;TRUE;;TRUE;3;tornozelo;calmo
17/09/2022 13:07;36;1;6;190;87;FALSE;FALSE;;FALSE;4;teto;nervoso
06/08/2023 05:34;32;1;9;whatsapp;92;FALSE;FALSE;;TRUE;2;tornozelo;calmo
10/06/2020 18:26;32;4;6;whatsapp;39;FALSE;FALSE;;TRUE;4;teto;nervoso
13/07/2022 15:54;29;4;8;190;114;FALSE;FALSE;;TRUE;4;cintura;panico
29/12/2022 19:29;23;1;1;190;110;FALSE;FALSE;;TRUE;1;tornozelo;nervoso
18/01/2026 07:12;49;2;1;190;47;TRUE;TRUE;;TRUE;2;cintura;calmo
25/11/2024 09:08;42;2;8;instagram;64;TRUE;FALSE;;FALSE;3;cintura;nervoso
13/09/2022 00:27;40;2;8;instagram;97;FALSE;FALSE;;TRUE;2;tornozelo;nervoso
11/04/2025 04:20;29;0;2;instagram;85;FALSE;FALSE;;TRUE;0;cintura;panico
30/03/2026 10:49;39;1;3;whatsapp;9;FALSE;FALSE;;TRUE;0;cintura;calmo
30/09/2022 03:06;29;1;9;whatsapp;109;TRUE;FALSE;;TRUE;5;teto;nervoso
21/03/2022 19:33;42;3;6;190;109;FALSE;FALSE;;FALSE;6;teto;panico
24/06/2022 02:22;3;1;1;whatsapp;36;TRUE;TRUE;;TRUE;3;cintura;panico
04/06/2024 03:54;26;3;1;190;28;FALSE;FALSE;;TRUE;3;teto;calmo
14/05/2024 10:45;17;2;6;whatsapp;115;FALSE;FALSE;;TRUE;4;teto;nervoso
15/02/2020 19:38;7;1;7;instagram;42;TRUE;FALSE;;TRUE;0;cintura;nervoso
06/02/2026 11:22;38;3;1;whatsapp;119;FALSE;FALSE;;TRUE;3;cintura;panico
27/06/2020 14:01;45;2;3;instagram;56;TRUE;FALSE;;TRUE;1;cintura;calmo
10/01/2023 02:18;44;3;2;190;15;TRUE;FALSE;;TRUE;3;tornozelo;panico
08/08/2021 09:31;20;2;9;instagram;94;FALSE;FALSE;;TRUE;2;tornozelo;nervoso
04/08/2024 20:24;31;3;2;190;14;FALSE;TRUE;;TRUE;4;teto;calmo
22/12/2023 11:46;29;1;6;whatsapp;68;FALSE;FALSE;;TRUE;5;teto;panico
06/07/2020 18:37;39;1;7;instagram;38;FALSE;FALSE;;TRUE;3;teto;nervoso
27/03/2024 02:41;25;1;7;whatsapp;79;TRUE;FALSE;;TRUE;5;teto;calmo
27/06/2025 15:15;14;3;5;190;118;FALSE;FALSE;;FALSE;5;teto;panico
11/01/2024 05:30;34;2;6;instagram;24;FALSE;TRUE;;TRUE;3;cintura;panico
16/06/2024 05:42;38;2;3;190;42;FALSE;FALSE;;TRUE;0;cintura;nervoso
21/12/2025 23:23;45;3;3;190;101;FALSE;FALSE;;TRUE;0;teto;calmo
26/01/2021 09:04;5;2;1;instagram;72;TRUE;FALSE;;TRUE;2;tornozelo;nervoso
18/11/2020 05:38;45;4;6;whatsapp;33;FALSE;TRUE;;TRUE;3;tornozelo;calmo
09/07/2024 14:33;45;2;1;instagram;39;TRUE;FALSE;;TRUE;1;cintura;nervoso
14/11/2021 07:23;48;3;8;instagram;67;FALSE;FALSE;;TRUE;3;cintura;nervoso
29/11/2022 23:52;22;4;6;190;114;FALSE;FALSE;;FALSE;5;teto;nervoso
12/04/2024 08:51;48;1;1;instagram;68;FALSE;FALSE;;TRUE;3;teto;calmo
03/07/2025 01:40;8;2;8;instagram;48;FALSE;FALSE;;TRUE;4;teto;panico
09/01/2021 00:28;44;3;9;whatsapp;24;FALSE;FALSE;;TRUE;2;cintura;nervoso
30/06/2020 03:57;0;5;3;whatsapp;72;TRUE;FALSE;;TRUE;5;teto;calmo
12/08/2025 18:28;9;2;8;whatsapp;108;FALSE;FALSE;;TRUE;5;teto;panico
10/04/2022 09:48;41;3;1;190;114;FALSE;FALSE;;TRUE;2;tornozelo;nervoso
17/05/2020 01:34;3;3;6;190;43;TRUE;FALSE;;TRUE;4;cintura;panico
07/07/2023 00:12;10;3;2;190;29;TRUE;FALSE;;TRUE;0;cintura;nervoso
04/11/2023 17:06;33;1;9;190;31;TRUE;FALSE;;FALSE;2;cintura;calmo
18/12/2025 20:56;22;3;4;instagram;25;TRUE;FALSE;;TRUE;4;teto;nervoso
25/10/2025 12:06;14;2;5;instagram;13;FALSE;TRUE;;TRUE;3;teto;nervoso
03/02/2024 13:35;37;0;9;instagram;64;FALSE;TRUE;;TRUE;5;teto;calmo
01/06/2025 23:12;6;1;3;instagram;103;FALSE;FALSE;;TRUE;2;tornozelo;panico
13/12/2020 00:48;8;2;3;whatsapp;116;TRUE;FALSE;;TRUE;2;tornozelo;calmo
26/12/2025 00:02;32;2;9;instagram;70;FALSE;FALSE;;TRUE;4;teto;calmo
21/03/2020 23:17;24;1;7;whatsapp;98;FALSE;FALSE;;TRUE;4;teto;calmo
01/11/2021 01:21;22;3;4;190;40;FALSE;FALSE;;TRUE;3;teto;calmo
11/05/2022 09:50;24;1;8;whatsapp;1;FALSE;FALSE;;TRUE;4;teto;panico
19/03/2025 06:04;39;3;6;instagram;5;FALSE;FALSE;;TRUE;2;tornozelo;nervoso
08/03/2023 02:25;4;3;4;instagram;46;TRUE;TRUE;;TRUE;5;teto;nervoso
04/06/2023 17:40;44;4;3;whatsapp;95;FALSE;FALSE;;TRUE;3;cintura;panico
24/11/2022 23:27;7;4;5;instagram;44;FALSE;FALSE;;TRUE;1;tornozelo;calmo
19/11/2020 09:44;6;4;5;instagram;84;TRUE;FALSE;;TRUE;4;tornozelo;panico
19/04/2024 05:42;38;2;5;whatsapp;115;FALSE;FALSE;;TRUE;3;teto;nervoso
23/01/2024 22:32;44;4;2;190;62;FALSE;FALSE;;TRUE;3;tornozelo;panico
10/09/2021 13:42;8;2;5;190;97;FALSE;FALSE;;FALSE;1;cintura;calmo
01/06/2022 15:38;8;1;7;190;44;TRUE;FALSE;;TRUE;2;tornozelo;calmo
25/05/2020 05:54;25;1;3;190;114;FALSE;TRUE;;TRUE;5;teto;panico
22/02/2022 02:12;39;3;7;190;78;FALSE;FALSE;;TRUE;5;teto;nervoso
27/09/2023 14:39;4;3;8;instagram;53;FALSE;FALSE;;TRUE;3;cintura;panico
23/07/2023 06:01;21;1;3;instagram;79;FALSE;FALSE;;TRUE;1;tornozelo;nervoso
25/03/2026 08:26;43;3;9;instagram;15;FALSE;TRUE;;TRUE;3;cintura;calmo
17/01/2022 12:30;49;2;3;instagram;70;FALSE;FALSE;;TRUE;0;cintura;nervoso
06/07/2020 02:47;32;1;7;whatsapp;68;FALSE;FALSE;;FALSE;2;cintura;nervoso
15/04/2020 02:22;4;2;5;whatsapp;21;FALSE;FALSE;;TRUE;3;teto;panico
20/09/2025 16:21;25;2;6;whatsapp;46;FALSE;FALSE;;TRUE;3;teto;calmo
11/04/2025 19:06;49;2;8;instagram;86;TRUE;TRUE;;TRUE;5;cintura;panico
04/12/2025 21:45;48;4;8;instagram;19;FALSE;FALSE;;TRUE;0;tornozelo;panico
02/10/2024 08:39;35;1;9;190;23;TRUE;FALSE;;TRUE;4;teto;nervoso
07/07/2020 17:19;15;2;2;whatsapp;49;FALSE;FALSE;;TRUE;1;cintura;panico
15/04/2023 17:04;21;4;7;190;14;FALSE;FALSE;;TRUE;4;teto;nervoso
08/10/2020 01:14;26;4;4;instagram;23;FALSE;TRUE;;TRUE;2;tornozelo;nervoso
04/11/2025 16:22;36;2;6;instagram;0;FALSE;FALSE;;TRUE;3;teto;nervoso
13/11/2023 13:35;47;4;9;190;84;FALSE;FALSE;;TRUE;5;teto;calmo
04/05/2024 10:25;43;4;9;190;108;FALSE;FALSE;;TRUE;6;teto;panico
28/10/2021 04:09;1;4;3;190;86;FALSE;FALSE;;TRUE;4;teto;nervoso
11/11/2025 19:08;4;2;5;instagram;2;FALSE;TRUE;;TRUE;0;teto;panico
01/09/2021 07:28;29;3;3;instagram;86;TRUE;FALSE;;TRUE;3;tornozelo;calmo
02/07/2021 11:51;3;2;8;190;56;FALSE;FALSE;;TRUE;2;tornozelo;panico
29/07/2025 10:22;6;1;2;instagram;42;TRUE;FALSE;;TRUE;1;tornozelo;calmo
23/08/2024 13:41;38;1;2;whatsapp;105;FALSE;FALSE;;TRUE;3;teto;calmo
17/10/2022 19:23;38;1;6;instagram;22;TRUE;FALSE;;TRUE;2;tornozelo;calmo
01/07/2024 08:19;44;1;8;whatsapp;98;FALSE;FALSE;;TRUE;2;tornozelo;calmo
15/05/2025 06:03;0;3;7;instagram;17;FALSE;FALSE;;TRUE;3;tornozelo;panico
02/03/2025 08:09;32;4;9;instagram;4;FALSE;FALSE;;TRUE;2;cintura;calmo
25/03/2023 00:16;0;3;8;instagram;45;FALSE;FALSE;;FALSE;2;cintura;calmo
15/07/2021 12:00;45;3;9;190;6;FALSE;FALSE;;TRUE;5;teto;panico
17/04/2025 11:56;49;3;9;whatsapp;14;FALSE;FALSE;;TRUE;4;teto;calmo
29/04/2023 05:37;31;2;2;instagram;104;FALSE;FALSE;;TRUE;1;tornozelo;nervoso
21/09/2025 07:40;15;3;4;190;43;FALSE;FALSE;;TRUE;1;cintura;nervoso
15/01/2025 00:08;44;0;5;190;94;FALSE;FALSE;;TRUE;1;cintura;calmo
19/02/2026 02:00;6;3;9;190;118;FALSE;FALSE;;TRUE;6;teto;panico
26/07/2022 01:49;47;3;4;whatsapp;27;FALSE;FALSE;;TRUE;2;cintura;panico
07/09/2023 12:20;38;3;8;190;57;FALSE;FALSE;;TRUE;5;teto;panico
22/11/2024 23:26;36;1;4;whatsapp;94;FALSE;FALSE;;TRUE;2;cintura;panico
09/03/2026 05:30;45;2;5;instagram;103;FALSE;FALSE;;TRUE;0;cintura;calmo
20/04/2023 15:04;37;3;6;whatsapp;74;TRUE;FALSE;;FALSE;4;cintura;nervoso
03/09/2023 17:25;49;2;6;190;20;FALSE;FALSE;;TRUE;3;teto;nervoso
24/12/2022 09:54;48;3;6;instagram;84;FALSE;FALSE;;TRUE;3;cintura;calmo
08/03/2022 06:48;47;4;4;instagram;1;FALSE;FALSE;;TRUE;2;cintura;panico
20/11/2020 17:56;31;2;7;190;51;FALSE;FALSE;;TRUE;0;tornozelo;nervoso
04/08/2020 13:39;34;2;8;190;94;FALSE;FALSE;;TRUE;0;teto;panico
23/05/2025 18:10;34;1;5;instagram;75;FALSE;FALSE;;TRUE;3;teto;nervoso
23/04/2024 10:29;17;4;8;whatsapp;89;FALSE;TRUE;;TRUE;4;cintura;nervoso
29/07/2025 05:42;35;1;1;190;113;FALSE;FALSE;;TRUE;1;cintura;calmo
08/02/2020 11:26;31;3;9;instagram;31;FALSE;FALSE;;TRUE;2;tornozelo;calmo
27/09/2025 22:35;2;1;8;190;4;FALSE;FALSE;;TRUE;3;teto;calmo
24/10/2021 23:56;43;4;3;190;66;FALSE;FALSE;;TRUE;0;cintura;panico
17/09/2024 17:56;1;0;3;instagram;90;FALSE;FALSE;;TRUE;3;teto;nervoso
27/06/2024 23:11;3;1;2;whatsapp;75;FALSE;FALSE;;TRUE;1;tornozelo;calmo
12/11/2022 01:34;18;2;4;190;8;FALSE;FALSE;;TRUE;0;cintura;calmo
07/06/2025 13:03;36;2;6;190;82;FALSE;FALSE;;TRUE;2;tornozelo;calmo
18/03/2021 19:54;43;1;2;whatsapp;40;FALSE;TRUE;;TRUE;3;teto;calmo
26/07/2021 06:20;29;3;6;190;97;FALSE;FALSE;;TRUE;3;tornozelo;nervoso
09/03/2023 18:23;43;3;3;whatsapp;36;FALSE;FALSE;;TRUE;1;cintura;calmo
09/03/2021 18:15;19;1;3;instagram;117;TRUE;FALSE;;TRUE;2;cintura;nervoso
23/08/2024 06:48;11;4;9;whatsapp;73;FALSE;FALSE;;TRUE;3;tornozelo;nervoso
20/03/2026 03:02;4;2;8;whatsapp;35;TRUE;FALSE;;FALSE;2;cintura;calmo
04/09/2025 22:37;21;1;6;190;19;FALSE;TRUE;;TRUE;4;teto;nervoso
18/10/2025 10:45;2;1;7;instagram;14;FALSE;FALSE;;TRUE;1;cintura;nervoso
12/08/2020 02:18;30;2;2;190;75;FALSE;FALSE;;TRUE;4;teto;panico
12/06/2022 23:00;15;1;7;instagram;96;FALSE;FALSE;;FALSE;4;teto;calmo
18/01/2021 11:33;1;3;5;whatsapp;88;FALSE;FALSE;;TRUE;5;teto;panico
09/12/2021 22:59;2;0;9;whatsapp;56;FALSE;FALSE;;TRUE;1;tornozelo;calmo
15/08/2024 12:48;26;1;5;190;25;FALSE;FALSE;;TRUE;0;cintura;panico
07/01/2023 18:37;32;0;3;instagram;21;FALSE;FALSE;;TRUE;1;tornozelo;panico
05/03/2025 00:47;36;3;6;instagram;39;FALSE;FALSE;;TRUE;3;cintura;panico
10/04/2022 04:01;35;3;8;whatsapp;3;TRUE;FALSE;;TRUE;5;teto;nervoso
31/03/2023 18:34;40;2;5;whatsapp;99;FALSE;FALSE;;TRUE;0;teto;nervoso
23/03/2025 11:31;26;2;5;whatsapp;108;TRUE;FALSE;;TRUE;4;teto;nervoso
25/03/2020 13:40;37;2;9;instagram;77;FALSE;FALSE;;TRUE;4;teto;nervoso
12/03/2025 08:32;32;4;9;whatsapp;114;FALSE;FALSE;;TRUE;3;tornozelo;nervoso
05/08/2024 11:44;28;4;6;whatsapp;37;FALSE;FALSE;;TRUE;4;teto;nervoso
21/10/2024 17:45;16;5;7;instagram;16;TRUE;FALSE;;TRUE;3;tornozelo;calmo
02/07/2024 11:28;43;2;6;whatsapp;11;FALSE;FALSE;;TRUE;4;teto;panico
23/03/2024 00:09;47;2;7;190;83;FALSE;FALSE;;TRUE;5;teto;panico
09/03/2023 17:47;37;3;7;whatsapp;33;FALSE;FALSE;;FALSE;4;teto;nervoso
01/07/2023 06:10;20;1;8;190;40;FALSE;FALSE;;TRUE;2;cintura;panico
10/11/2020 14:15;8;1;3;190;118;TRUE;FALSE;;TRUE;4;teto;calmo
19/12/2021 07:40;25;1;3;190;13;FALSE;FALSE;;TRUE;3;teto;panico
18/08/2022 17:50;29;1;4;190;87;FALSE;FALSE;;TRUE;1;cintura;calmo
05/10/2020 18:51;38;4;3;instagram;36;FALSE;FALSE;;TRUE;1;tornozelo;nervoso
14/11/2023 21:59;3;1;9;whatsapp;84;FALSE;FALSE;;TRUE;2;cintura;nervoso
01/10/2025 20:51;31;1;1;instagram;32;FALSE;FALSE;;TRUE;1;tornozelo;panico
06/09/2021 09:47;22;2;6;whatsapp;67;FALSE;FALSE;;FALSE;2;cintura;nervoso
06/09/2025 18:05;28;1;2;instagram;108;FALSE;FALSE;;TRUE;1;tornozelo;calmo
28/05/2023 00:10;49;4;1;instagram;17;FALSE;TRUE;;FALSE;0;cintura;panico
07/04/2025 21:33;16;4;4;instagram;60;TRUE;FALSE;;TRUE;4;teto;calmo
11/06/2021 02:14;42;3;1;190;114;FALSE;FALSE;;TRUE;3;cintura;panico
15/06/2021 15:45;10;3;9;190;70;FALSE;FALSE;;TRUE;5;teto;nervoso
26/04/2022 17:59;9;1;9;190;32;FALSE;FALSE;;TRUE;2;tornozelo;panico
08/10/2023 23:42;32;5;6;190;107;FALSE;FALSE;;TRUE;3;cintura;nervoso
05/11/2024 15:34;44;3;2;instagram;112;TRUE;FALSE;;TRUE;5;teto;calmo
25/09/2020 06:52;49;2;3;190;21;FALSE;FALSE;;TRUE;0;tornozelo;nervoso
09/03/2021 10:46;43;1;4;whatsapp;17;FALSE;TRUE;;TRUE;3;teto;nervoso
13/09/2020 08:34;38;2;7;instagram;74;FALSE;FALSE;;TRUE;3;cintura;panico
31/12/2020 00:59;34;4;6;190;28;FALSE;FALSE;;TRUE;0;teto;panico
14/05/2023 21:04;28;1;6;whatsapp;16;TRUE;FALSE;;TRUE;2;tornozelo;nervoso
22/12/2020 11:10;48;4;6;instagram;20;TRUE;FALSE;;TRUE;3;tornozelo;nervoso
07/12/2020 07:01;20;3;9;190;8;FALSE;FALSE;;TRUE;2;tornozelo;nervoso
27/05/2021 22:35;29;5;5;190;117;FALSE;FALSE;;TRUE;2;tornozelo;nervoso
10/08/2022 02:48;3;1;6;instagram;93;TRUE;FALSE;;TRUE;3;cintura;calmo
26/09/2025 04:28;25;2;4;whatsapp;15;FALSE;FALSE;;TRUE;2;teto;calmo
26/07/2023 10:40;42;1;7;190;4;TRUE;FALSE;;FALSE;2;tornozelo;nervoso
21/10/2022 01:04;35;1;3;190;57;TRUE;FALSE;;TRUE;1;tornozelo;calmo
09/03/2025 17:50;30;2;6;190;40;FALSE;FALSE;;TRUE;3;teto;nervoso
20/12/2025 19:06;17;3;7;instagram;92;FALSE;FALSE;;TRUE;3;cintura;calmo
14/12/2020 07:43;48;3;2;instagram;58;TRUE;FALSE;;TRUE;3;cintura;panico
25/07/2024 05:53;37;4;8;190;79;FALSE;FALSE;;TRUE;3;cintura;calmo
29/04/2023 21:58;25;4;9;190;71;FALSE;FALSE;;FALSE;6;teto;panico
12/12/2023 08:45;15;3;1;whatsapp;85;TRUE;FALSE;;TRUE;3;cintura;calmo
29/07/2025 00:54;37;4;6;whatsapp;13;TRUE;FALSE;;TRUE;5;teto;calmo
22/05/2020 05:09;16;2;5;instagram;93;FALSE;FALSE;;TRUE;4;teto;panico
19/07/2021 14:33;19;2;2;190;20;FALSE;TRUE;;FALSE;2;cintura;panico
05/11/2024 11:54;13;1;5;whatsapp;106;TRUE;FALSE;;TRUE;2;tornozelo;nervoso
31/07/2022 12:03;28;2;8;190;2;FALSE;FALSE;;TRUE;1;cintura;nervoso
19/03/2024 01:15;35;3;6;190;62;FALSE;TRUE;;FALSE;7;teto;panico
09/09/2021 10:08;2;1;7;instagram;0;FALSE;FALSE;;TRUE;2;cintura;panico
09/11/2022 14:45;0;4;1;whatsapp;18;FALSE;FALSE;;TRUE;4;teto;panico
31/12/2023 09:26;8;2;3;instagram;69;FALSE;FALSE;;TRUE;0;cintura;panico
11/12/2022 21:15;46;1;5;190;110;FALSE;FALSE;;TRUE;0;teto;nervoso
09/09/2023 14:47;31;2;9;whatsapp;42;FALSE;FALSE;;TRUE;1;cintura;nervoso
23/10/2025 14:21;28;0;1;whatsapp;54;FALSE;FALSE;;TRUE;0;teto;calmo
21/06/2023 23:08;3;3;9;instagram;67;FALSE;FALSE;;TRUE;5;teto;calmo
15/12/2023 21:08;33;4;8;whatsapp;25;FALSE;FALSE;;FALSE;4;teto;nervoso
07/02/2025 16:17;5;1;6;190;73;FALSE;FALSE;;TRUE;4;teto;nervoso
16/02/2021 23:23;13;2;7;190;0;FALSE;FALSE;;TRUE;1;cintura;calmo
09/02/2026 11:15;48;1;4;instagram;62;FALSE;FALSE;;TRUE;1;tornozelo;calmo
01/11/2025 02:45;24;1;5;instagram;89;TRUE;FALSE;;TRUE;2;tornozelo;calmo
11/11/2022 23:16;36;1;8;instagram;49;TRUE;FALSE;;TRUE;2;cintura;nervoso
06/04/2021 18:53;18;1;3;whatsapp;10;FALSE;FALSE;;TRUE;1;tornozelo;panico
06/04/2020 17:48;35;2;7;190;45;FALSE;FALSE;;TRUE;1;cintura;nervoso
28/06/2020 06:35;20;2;4;whatsapp;12;FALSE;FALSE;;TRUE;0;cintura;calmo
12/08/2024 20:54;5;3;1;instagram;55;FALSE;FALSE;;TRUE;4;teto;panico
16/10/2025 15:27;0;3;3;190;86;TRUE;FALSE;;TRUE;0;cintura;panico
04/05/2025 05:48;31;0;1;instagram;40;FALSE;FALSE;;TRUE;0;cintura;calmo
21/02/2026 00:22;17;1;4;whatsapp;112;TRUE;FALSE;;TRUE;3;tornozelo;panico
22/06/2024 23:27;25;1;3;whatsapp;102;TRUE;FALSE;;TRUE;2;tornozelo;nervoso
19/05/2020 17:46;8;2;5;instagram;56;FALSE;FALSE;;TRUE;2;teto;calmo
13/02/2026 21:22;48;1;7;instagram;88;FALSE;FALSE;;TRUE;4;teto;calmo
03/12/2022 14:30;26;3;2;190;1;TRUE;FALSE;;TRUE;3;cintura;panico
29/08/2022 10:38;13;2;7;whatsapp;101;FALSE;FALSE;;TRUE;0;cintura;calmo
09/10/2021 09:55;24;3;7;190;94;TRUE;FALSE;;TRUE;4;cintura;nervoso
05/05/2021 15:58;14;2;7;whatsapp;5;FALSE;FALSE;;TRUE;1;tornozelo;nervoso
02/08/2020 12:54;31;4;5;instagram;79;FALSE;FALSE;;TRUE;3;tornozelo;panico
11/09/2025 01:04;25;2;6;instagram;23;FALSE;FALSE;;TRUE;1;cintura;nervoso
24/10/2020 18:58;34;2;2;190;8;FALSE;FALSE;;TRUE;0;teto;calmo
02/06/2021 18:39;15;4;8;190;45;FALSE;FALSE;;TRUE;4;teto;nervoso
29/08/2021 07:17;6;3;5;whatsapp;58;FALSE;FALSE;;FALSE;4;teto;panico
05/02/2025 02:59;19;2;8;whatsapp;104;FALSE;FALSE;;FALSE;2;cintura;nervoso
17/02/2026 14:50;38;1;3;instagram;7;TRUE;FALSE;;TRUE;2;cintura;panico
11/02/2021 05:42;26;4;1;190;92;FALSE;FALSE;;TRUE;3;cintura;panico
02/09/2021 12:11;23;0;8;instagram;110;FALSE;FALSE;;TRUE;2;tornozelo;calmo
03/09/2023 01:04;42;3;1;whatsapp;70;FALSE;FALSE;;TRUE;2;tornozelo;nervoso
04/09/2020 15:38;11;3;3;190;74;TRUE;FALSE;;FALSE;4;tornozelo;panico
30/08/2023 18:48;10;0;5;190;86;FALSE;FALSE;;TRUE;0;cintura;nervoso
13/07/2023 21:43;18;1;9;190;92;FALSE;FALSE;;TRUE;3;tornozelo;panico
10/03/2025 23:53;47;1;8;whatsapp;13;FALSE;FALSE;;TRUE;2;tornozelo;panico
03/12/2023 12:14;7;4;4;whatsapp;79;FALSE;FALSE;;TRUE;4;teto;nervoso
03/12/2020 03:14;31;2;8;190;104;TRUE;FALSE;;TRUE;3;cintura;nervoso
04/02/2025 20:22;23;4;9;190;100;FALSE;FALSE;;TRUE;0;tornozelo;calmo
11/05/2023 16:59;40;3;7;whatsapp;40;TRUE;FALSE;;TRUE;6;teto;panico
13/02/2023 05:00;46;3;5;instagram;62;FALSE;FALSE;;FALSE;2;tornozelo;nervoso
06/06/2024 12:13;42;2;9;whatsapp;76;FALSE;FALSE;;TRUE;0;teto;nervoso
23/03/2024 02:38;18;2;4;190;101;FALSE;FALSE;;TRUE;0;teto;calmo
08/02/2021 00:25;28;3;8;instagram;82;FALSE;FALSE;;TRUE;5;teto;nervoso
14/10/2023 04:56;44;3;4;instagram;113;FALSE;FALSE;;TRUE;0;cintura;nervoso
03/01/2024 08:36;13;2;1;instagram;3;TRUE;TRUE;;TRUE;2;tornozelo;nervoso
15/01/2022 04:26;17;0;2;instagram;99;TRUE;FALSE;;FALSE;0;cintura;nervoso
07/07/2025 16:30;27;2;9;whatsapp;76;TRUE;FALSE;;TRUE;3;cintura;calmo
21/03/2020 23:19;1;3;9;whatsapp;36;TRUE;FALSE;;TRUE;3;cintura;nervoso
16/11/2023 13:43;37;1;7;instagram;22;FALSE;FALSE;;FALSE;1;cintura;calmo
24/05/2022 21:49;6;3;6;190;51;FALSE;FALSE;;TRUE;4;teto;calmo
16/02/2026 07:22;8;1;9;whatsapp;15;FALSE;TRUE;;TRUE;0;cintura;calmo
02/07/2022 18:19;38;0;8;whatsapp;49;FALSE;FALSE;;TRUE;1;tornozelo;nervoso
26/01/2026 03:29;38;4;8;whatsapp;101;FALSE;FALSE;;TRUE;3;tornozelo;nervoso
29/06/2022 11:26;11;2;7;instagram;36;FALSE;FALSE;;FALSE;1;cintura;nervoso
06/06/2022 05:12;2;4;3;instagram;77;TRUE;FALSE;;TRUE;0;cintura;nervoso
29/03/2022 14:42;4;2;7;190;2;FALSE;FALSE;;TRUE;0;tornozelo;calmo
10/08/2024 15:29;14;2;2;instagram;80;FALSE;FALSE;;FALSE;1;cintura;nervoso
07/03/2021 10:04;4;3;4;190;17;FALSE;FALSE;;TRUE;2;cintura;panico
18/01/2024 13:06;18;2;9;190;101;FALSE;FALSE;;TRUE;5;teto;panico
15/11/2022 16:35;20;1;1;instagram;60;FALSE;FALSE;;TRUE;0;cintura;calmo
24/04/2021 19:50;36;2;7;190;6;FALSE;FALSE;;TRUE;2;cintura;panico
09/12/2024 20:40;41;0;4;whatsapp;29;TRUE;FALSE;;TRUE;2;cintura;panico
17/07/2021 04:37;13;2;1;190;27;FALSE;FALSE;;TRUE;0;cintura;nervoso
20/10/2024 18:15;13;3;6;instagram;80;TRUE;FALSE;;FALSE;4;tornozelo;calmo
06/07/2023 22:21;17;2;5;instagram;39;FALSE;FALSE;;TRUE;1;cintura;panico
09/04/2025 21:43;40;3;6;whatsapp;43;FALSE;FALSE;;TRUE;5;teto;panico
17/11/2024 05:45;40;2;9;instagram;103;FALSE;FALSE;;TRUE;0;teto;calmo
31/01/2020 12:28;5;2;3;whatsapp;36;FALSE;TRUE;;TRUE;0;teto;calmo
17/09/2025 02:24;47;2;2;instagram;104;FALSE;FALSE;;FALSE;1;tornozelo;nervoso
05/05/2020 12:35;12;2;5;whatsapp;118;FALSE;TRUE;;TRUE;0;teto;nervoso
13/11/2022 02:11;44;3;3;190;4;FALSE;FALSE;;TRUE;4;teto;panico
31/05/2022 04:13;35;2;1;instagram;114;FALSE;FALSE;;TRUE;1;tornozelo;calmo
09/12/2020 11:23;0;3;7;whatsapp;25;FALSE;TRUE;;TRUE;3;cintura;calmo
27/01/2026 20:20;12;4;4;instagram;94;FALSE;FALSE;;TRUE;2;cintura;calmo
20/02/2023 20:12;37;3;4;190;76;TRUE;FALSE;;TRUE;3;cintura;nervoso
03/04/2025 22:31;9;4;3;instagram;117;FALSE;FALSE;;TRUE;2;tornozelo;nervoso
08/10/2025 00:06;35;1;4;190;104;FALSE;FALSE;;TRUE;2;cintura;panico
12/07/2021 16:01;2;0;2;190;93;TRUE;FALSE;;TRUE;5;teto;panico
01/09/2025 21:56;40;2;6;whatsapp;38;FALSE;FALSE;;TRUE;3;teto;calmo
09/09/2022 10:30;21;3;5;190;81;TRUE;FALSE;;TRUE;3;tornozelo;calmo
07/01/2022 12:01;15;4;3;instagram;28;FALSE;FALSE;;TRUE;1;tornozelo;nervoso
07/06/2022 00:35;29;2;7;190;39;FALSE;FALSE;;TRUE;2;cintura;panico
10/05/2020 20:52;1;3;1;whatsapp;62;FALSE;FALSE;;TRUE;2;tornozelo;calmo
12/04/2023 03:46;7;1;4;whatsapp;38;TRUE;FALSE;;TRUE;2;cintura;panico
07/01/2022 19:12;25;2;1;190;4;FALSE;FALSE;;TRUE;0;tornozelo;calmo
08/08/2020 19:57;5;3;6;190;8;FALSE;FALSE;;TRUE;4;teto;calmo
18/04/2023 18:52;44;2;8;190;75;FALSE;FALSE;;TRUE;2;tornozelo;nervoso
28/06/2023 11:58;4;2;4;whatsapp;10;FALSE;FALSE;;TRUE;1;tornozelo;panico
06/06/2023 13:37;5;1;4;whatsapp;117;FALSE;TRUE;;TRUE;2;tornozelo;calmo
06/07/2022 22:01;40;4;3;whatsapp;60;TRUE;FALSE;;TRUE;2;tornozelo;calmo
07/11/2020 15:51;36;3;2;190;35;FALSE;FALSE;;TRUE;1;tornozelo;nervoso
19/05/2022 17:20;23;2;3;instagram;17;FALSE;FALSE;;TRUE;1;tornozelo;panico
27/02/2022 11:46;13;1;5;190;25;FALSE;FALSE;;TRUE;0;tornozelo;calmo
20/07/2022 18:11;17;4;2;190;6;FALSE;TRUE;;TRUE;5;teto;panico
13/12/2021 02:48;4;3;5;whatsapp;38;FALSE;TRUE;;TRUE;2;cintura;calmo
15/11/2021 11:46;11;0;3;190;94;FALSE;FALSE;;TRUE;1;tornozelo;calmo
12/04/2025 08:01;7;3;8;190;32;FALSE;TRUE;;TRUE;4;tornozelo;panico
19/02/2023 19:54;48;3;1;whatsapp;80;FALSE;FALSE;;TRUE;5;teto;panico
15/09/2024 21:27;2;4;7;whatsapp;9;FALSE;FALSE;;TRUE;3;cintura;panico
22/09/2023 15:44;45;0;3;instagram;50;FALSE;FALSE;;TRUE;0;tornozelo;nervoso
12/03/2020 12:06;4;3;9;instagram;115;FALSE;FALSE;;TRUE;5;teto;calmo
04/06/2020 01:56;16;2;9;190;68;FALSE;FALSE;;TRUE;2;cintura;nervoso
18/04/2025 20:37;34;3;8;190;97;FALSE;FALSE;;FALSE;5;teto;calmo
02/07/2025 00:56;1;1;7;whatsapp;71;FALSE;FALSE;;TRUE;3;cintura;panico
18/11/2025 18:26;41;2;6;instagram;115;FALSE;FALSE;;TRUE;2;tornozelo;calmo
05/07/2025 14:34;17;1;1;190;103;FALSE;FALSE;;TRUE;1;cintura;calmo
13/05/2023 14:51;22;2;6;whatsapp;16;FALSE;FALSE;;TRUE;1;tornozelo;calmo
25/11/2024 04:44;31;4;5;whatsapp;90;TRUE;FALSE;;TRUE;4;tornozelo;panico
26/08/2024 17:56;43;3;7;instagram;16;FALSE;FALSE;;TRUE;2;cintura;calmo
17/07/2021 01:52;3;2;9;instagram;25;FALSE;FALSE;;TRUE;1;cintura;nervoso
12/07/2023 03:57;17;1;6;190;114;TRUE;FALSE;;TRUE;5;teto;nervoso
19/12/2021 08:54;18;3;3;instagram;39;FALSE;FALSE;;TRUE;4;teto;panico
05/07/2025 15:35;32;3;3;instagram;32;FALSE;FALSE;;TRUE;2;cintura;panico
15/04/2026 10:00;1;3;9;190;23;FALSE;TRUE;;TRUE;4;cintura;panico
16/04/2021 00:23;17;3;1;instagram;116;FALSE;FALSE;;TRUE;2;cintura;nervoso
11/02/2023 02:14;29;4;8;whatsapp;3;FALSE;FALSE;;TRUE;2;tornozelo;calmo
13/04/2023 01:55;44;4;8;190;3;FALSE;FALSE;;TRUE;2;cintura;calmo
09/02/2025 16:17;10;3;4;instagram;109;FALSE;FALSE;;TRUE;2;tornozelo;calmo
22/06/2023 22:04;38;3;8;whatsapp;59;TRUE;FALSE;;TRUE;6;teto;panico
12/02/2021 01:04;30;3;8;whatsapp;117;FALSE;FALSE;;TRUE;5;teto;calmo
07/06/2020 12:05;35;3;1;190;94;FALSE;FALSE;;TRUE;2;tornozelo;nervoso
17/09/2024 08:25;34;2;4;whatsapp;79;FALSE;FALSE;;TRUE;3;teto;calmo
02/03/2026 20:36;5;3;8;190;56;FALSE;FALSE;;TRUE;4;teto;calmo
31/08/2025 06:02;27;2;7;whatsapp;61;FALSE;FALSE;;TRUE;2;cintura;nervoso
26/11/2024 15:34;27;2;9;whatsapp;93;FALSE;FALSE;;TRUE;5;teto;panico
29/07/2024 00:45;38;2;7;whatsapp;99;FALSE;FALSE;;TRUE;3;tornozelo;panico
09/10/2025 23:56;39;2;9;instagram;116;FALSE;FALSE;;TRUE;3;cintura;panico
21/01/2025 23:53;26;2;7;whatsapp;104;FALSE;FALSE;;TRUE;2;cintura;nervoso
18/11/2020 14:52;25;3;3;whatsapp;85;FALSE;TRUE;;TRUE;5;teto;calmo
15/08/2024 16:04;23;0;2;instagram;70;FALSE;FALSE;;FALSE;2;cintura;panico
27/02/2025 18:16;41;2;9;instagram;86;FALSE;TRUE;;TRUE;6;teto;panico
21/10/2024 20:54;28;4;6;190;94;TRUE;FALSE;;TRUE;5;cintura;panico
24/06/2025 19:26;31;2;9;whatsapp;60;FALSE;FALSE;;TRUE;1;cintura;calmo
30/05/2025 17:31;37;3;7;190;63;FALSE;FALSE;;TRUE;6;teto;panico
20/02/2023 07:04;15;3;7;instagram;11;FALSE;FALSE;;TRUE;2;tornozelo;calmo
24/04/2024 20:09;26;1;5;whatsapp;87;FALSE;FALSE;;TRUE;2;cintura;panico
27/10/2025 05:01;27;0;3;instagram;78;FALSE;FALSE;;TRUE;1;tornozelo;nervoso
15/02/2025 10:52;27;4;5;instagram;103;FALSE;FALSE;;TRUE;3;cintura;panico
29/11/2020 09:53;32;2;9;whatsapp;55;FALSE;FALSE;;TRUE;0;teto;calmo
19/02/2021 21:28;1;4;4;190;113;FALSE;FALSE;;TRUE;2;cintura;nervoso
04/03/2022 19:31;40;3;1;instagram;78;FALSE;TRUE;;TRUE;4;cintura;panico
07/12/2022 01:58;9;4;7;whatsapp;92;FALSE;FALSE;;TRUE;3;tornozelo;calmo
09/04/2023 14:08;38;4;4;whatsapp;118;FALSE;FALSE;;TRUE;4;teto;calmo
09/02/2023 12:25;11;2;3;190;32;FALSE;FALSE;;TRUE;1;tornozelo;panico
06/10/2023 22:56;21;2;5;instagram;79;FALSE;FALSE;;TRUE;4;teto;panico
24/01/2022 03:58;35;2;8;whatsapp;81;FALSE;FALSE;;TRUE;0;cintura;nervoso
08/05/2020 04:09;3;2;7;whatsapp;16;FALSE;FALSE;;TRUE;1;tornozelo;nervoso
25/04/2023 19:19;17;2;7;whatsapp;18;TRUE;FALSE;;TRUE;3;cintura;panico
09/10/2020 21:52;29;3;5;190;106;FALSE;FALSE;;TRUE;3;tornozelo;panico
29/11/2024 23:48;38;2;7;instagram;69;FALSE;FALSE;;TRUE;3;tornozelo;panico
26/08/2020 08:30;0;3;5;190;81;FALSE;FALSE;;TRUE;4;teto;nervoso
09/12/2022 04:07;39;4;4;whatsapp;15;TRUE;FALSE;;TRUE;4;teto;nervoso
01/09/2021 13:31;20;1;3;190;50;FALSE;FALSE;;TRUE;0;tornozelo;calmo
19/06/2025 11:42;47;3;6;190;35;FALSE;FALSE;;TRUE;4;teto;calmo
17/02/2020 10:14;38;3;1;190;34;FALSE;FALSE;;FALSE;0;teto;panico
01/12/2021 07:42;33;3;4;whatsapp;10;FALSE;FALSE;;TRUE;3;teto;nervoso
24/04/2023 22:11;0;0;1;instagram;88;FALSE;FALSE;;TRUE;3;teto;nervoso
15/03/2024 20:04;49;2;3;whatsapp;111;FALSE;FALSE;;TRUE;1;tornozelo;nervoso
20/08/2023 19:02;28;4;3;190;81;FALSE;FALSE;;TRUE;5;teto;panico
09/12/2022 08:16;48;3;2;190;113;FALSE;TRUE;;TRUE;3;tornozelo;nervoso
12/04/2020 11:57;6;2;6;whatsapp;83;TRUE;FALSE;;TRUE;3;cintura;calmo
28/06/2025 00:37;33;4;9;whatsapp;16;FALSE;FALSE;;FALSE;2;cintura;nervoso
03/07/2022 16:21;35;2;1;instagram;10;TRUE;FALSE;;TRUE;1;cintura;calmo
28/04/2021 21:59;25;3;9;whatsapp;87;FALSE;FALSE;;TRUE;3;tornozelo;calmo
07/10/2024 02:51;22;1;2;190;13;FALSE;FALSE;;TRUE;0;cintura;calmo
18/10/2022 01:55;37;3;4;whatsapp;35;TRUE;FALSE;;TRUE;0;cintura;nervoso
28/02/2023 19:03;36;1;2;whatsapp;96;FALSE;FALSE;;TRUE;2;tornozelo;panico
22/11/2020 00:50;12;2;7;whatsapp;50;FALSE;FALSE;;TRUE;3;teto;nervoso
25/01/2022 16:58;5;4;4;instagram;119;TRUE;FALSE;;TRUE;3;tornozelo;calmo
23/10/2023 01:22;23;2;6;instagram;95;FALSE;FALSE;;TRUE;5;teto;panico
26/02/2023 22:12;34;3;9;instagram;56;FALSE;FALSE;;TRUE;0;cintura;panico
26/03/2021 00:33;21;1;7;instagram;26;TRUE;FALSE;;TRUE;5;teto;panico
29/03/2023 16:02;3;2;5;190;41;FALSE;FALSE;;TRUE;0;tornozelo;panico
22/01/2025 04:34;34;2;1;instagram;26;FALSE;FALSE;;TRUE;2;teto;nervoso
06/10/2021 04:36;11;3;9;instagram;116;FALSE;FALSE;;TRUE;3;tornozelo;nervoso
21/12/2020 12:10;2;2;7;190;90;FALSE;FALSE;;TRUE;3;tornozelo;panico
02/07/2024 19:30;29;4;2;whatsapp;67;FALSE;FALSE;;TRUE;3;cintura;panico
22/02/2023 00:08;0;0;3;190;10;FALSE;FALSE;;TRUE;0;tornozelo;nervoso
13/01/2021 16:51;5;1;1;whatsapp;103;FALSE;FALSE;;TRUE;1;cintura;nervoso
22/04/2022 05:46;21;3;9;190;22;FALSE;FALSE;;TRUE;2;tornozelo;nervoso
30/06/2025 19:54;2;2;2;190;113;FALSE;FALSE;;TRUE;2;tornozelo;panico
27/08/2022 12:05;26;3;7;instagram;80;FALSE;FALSE;;TRUE;3;tornozelo;nervoso
18/02/2024 22:24;18;3;9;whatsapp;55;FALSE;FALSE;;TRUE;4;teto;calmo
06/05/2022 04:38;34;3;7;whatsapp;42;FALSE;TRUE;;TRUE;4;tornozelo;panico
02/03/2021 22:41;27;3;7;instagram;49;FALSE;FALSE;;TRUE;2;cintura;calmo
19/05/2024 20:19;18;3;3;190;34;FALSE;FALSE;;TRUE;1;cintura;nervoso
15/11/2023 09:19;26;4;4;190;70;FALSE;FALSE;;FALSE;3;cintura;panico
21/08/2025 19:07;21;3;8;instagram;33;FALSE;FALSE;;TRUE;3;cintura;panico
25/02/2025 23:53;9;2;2;whatsapp;53;FALSE;FALSE;;TRUE;0;cintura;calmo
08/09/2023 20:39;40;2;5;instagram;27;FALSE;FALSE;;TRUE;2;teto;calmo
12/12/2024 09:11;28;1;3;instagram;107;FALSE;FALSE;;TRUE;0;teto;nervoso
23/07/2025 01:48;37;3;9;instagram;103;FALSE;FALSE;;TRUE;3;cintura;calmo
24/05/2022 06:52;47;3;6;whatsapp;97;TRUE;TRUE;;TRUE;7;teto;nervoso
03/09/2021 19:36;34;2;1;190;12;FALSE;FALSE;;TRUE;0;cintura;nervoso
10/07/2024 17:13;40;3;6;190;9;FALSE;FALSE;;TRUE;4;teto;nervoso
29/08/2023 23:52;49;3;3;whatsapp;59;FALSE;FALSE;;TRUE;0;cintura;nervoso
07/09/2020 03:20;21;3;7;whatsapp;45;TRUE;FALSE;;TRUE;3;cintura;calmo
13/05/2021 05:08;20;3;5;whatsapp;4;FALSE;FALSE;;TRUE;2;tornozelo;panico
04/03/2020 07:16;14;1;5;190;5;FALSE;FALSE;;TRUE;1;cintura;panico
02/04/2024 18:25;25;2;3;instagram;17;FALSE;FALSE;;TRUE;0;teto;calmo
11/05/2020 05:45;37;3;8;190;95;FALSE;FALSE;;TRUE;3;tornozelo;calmo
16/03/2024 20:51;43;2;6;instagram;87;TRUE;FALSE;;FALSE;6;teto;panico
04/03/2026 11:46;1;3;2;instagram;104;TRUE;FALSE;;TRUE;3;cintura;nervoso
07/09/2022 10:43;43;3;1;whatsapp;8;FALSE;FALSE;;TRUE;2;cintura;panico
30/09/2024 21:11;35;5;1;instagram;85;FALSE;FALSE;;TRUE;2;cintura;calmo
13/09/2023 12:57;48;1;2;190;60;FALSE;FALSE;;TRUE;0;cintura;nervoso
22/01/2020 16:28;35;1;5;190;89;FALSE;FALSE;;TRUE;4;teto;panico
12/02/2026 16:31;2;2;6;190;91;FALSE;FALSE;;TRUE;3;tornozelo;panico
18/03/2020 04:08;8;2;6;190;57;FALSE;FALSE;;TRUE;2;cintura;panico
20/01/2021 00:43;8;3;9;190;55;FALSE;FALSE;;TRUE;3;cintura;panico
28/02/2024 20:19;25;2;1;190;60;FALSE;FALSE;;TRUE;1;cintura;panico
08/01/2020 00:15;17;0;2;190;47;FALSE;TRUE;;TRUE;3;teto;calmo
21/03/2023 19:33;4;3;6;instagram;0;TRUE;FALSE;;FALSE;3;cintura;nervoso
24/01/2021 13:31;1;4;7;instagram;113;FALSE;FALSE;;TRUE;3;tornozelo;calmo
05/01/2025 14:37;33;3;3;190;70;FALSE;FALSE;;TRUE;2;cintura;calmo
03/02/2020 00:22;46;4;8;whatsapp;15;TRUE;FALSE;;TRUE;4;cintura;panico
05/10/2023 19:19;3;3;1;instagram;68;FALSE;FALSE;;TRUE;0;tornozelo;calmo
20/05/2024 23:12;29;4;1;instagram;33;FALSE;FALSE;;TRUE;1;cintura;nervoso
10/02/2025 07:28;8;1;8;190;36;FALSE;FALSE;;TRUE;3;teto;nervoso
31/10/2020 17:43;0;3;6;instagram;80;FALSE;FALSE;;TRUE;4;tornozelo;panico
19/06/2023 09:33;7;2;8;whatsapp;0;FALSE;FALSE;;TRUE;2;tornozelo;panico
18/05/2025 03:33;35;2;9;190;113;FALSE;FALSE;;TRUE;2;cintura;nervoso
13/12/2025 04:43;18;3;7;whatsapp;10;TRUE;FALSE;;TRUE;5;teto;calmo
07/03/2022 03:25;32;5;7;190;64;FALSE;FALSE;;TRUE;4;tornozelo;panico
27/11/2025 11:58;2;3;6;whatsapp;71;TRUE;FALSE;;TRUE;4;tornozelo;nervoso
06/08/2020 07:13;33;1;3;instagram;4;FALSE;FALSE;;TRUE;2;teto;calmo
01/08/2021 09:13;45;2;4;whatsapp;43;FALSE;FALSE;;TRUE;2;teto;calmo
13/12/2023 18:39;33;1;7;whatsapp;68;FALSE;FALSE;;TRUE;2;cintura;calmo
28/02/2022 11:00;18;5;7;whatsapp;46;FALSE;FALSE;;TRUE;2;tornozelo;nervoso
25/07/2023 02:36;2;3;2;instagram;44;FALSE;TRUE;;TRUE;2;tornozelo;calmo
16/11/2025 07:32;14;5;9;190;26;FALSE;FALSE;;TRUE;4;teto;nervoso
04/07/2023 21:37;5;4;9;instagram;17;FALSE;FALSE;;TRUE;3;cintura;panico
15/03/2025 23:00;29;3;8;whatsapp;15;TRUE;FALSE;;TRUE;4;tornozelo;panico
10/08/2020 10:15;24;1;9;190;47;TRUE;TRUE;;TRUE;3;cintura;nervoso
21/10/2023 17:09;5;2;6;190;53;FALSE;FALSE;;TRUE;1;tornozelo;calmo
10/10/2022 13:05;9;2;5;190;103;FALSE;FALSE;;TRUE;2;tornozelo;panico
08/09/2024 16:29;47;2;1;instagram;67;FALSE;FALSE;;TRUE;3;teto;nervoso
12/04/2026 10:08;41;3;7;whatsapp;14;FALSE;FALSE;;TRUE;4;teto;calmo
17/10/2021 22:59;47;3;7;190;1;FALSE;FALSE;;FALSE;2;cintura;nervoso
05/08/2022 10:11;12;0;6;instagram;90;FALSE;FALSE;;TRUE;0;teto;nervoso
09/06/2022 04:45;17;2;8;instagram;20;FALSE;FALSE;;TRUE;1;cintura;nervoso
26/12/2022 21:28;30;0;4;190;32;FALSE;FALSE;;TRUE;0;tornozelo;calmo
23/10/2023 11:26;39;3;9;whatsapp;13;FALSE;FALSE;;TRUE;4;teto;nervoso
09/08/2020 19:52;48;0;7;instagram;6;FALSE;FALSE;;TRUE;1;cintura;nervoso
15/06/2025 04:48;49;3;7;whatsapp;112;FALSE;FALSE;;TRUE;3;cintura;nervoso
20/03/2025 12:34;13;1;5;190;97;FALSE;FALSE;;FALSE;2;tornozelo;panico
12/01/2023 13:14;49;2;1;190;28;FALSE;FALSE;;TRUE;1;tornozelo;panico
12/09/2025 07:46;22;1;3;instagram;96;FALSE;TRUE;;TRUE;2;tornozelo;nervoso
04/05/2020 14:31;19;3;6;whatsapp;92;TRUE;FALSE;;TRUE;7;teto;panico
09/03/2023 11:11;39;0;1;190;16;FALSE;FALSE;;TRUE;0;tornozelo;nervoso
02/02/2026 11:07;44;5;7;whatsapp;1;TRUE;FALSE;;TRUE;3;tornozelo;nervoso
07/08/2024 20:49;5;3;6;whatsapp;88;TRUE;FALSE;;TRUE;4;cintura;nervoso
16/08/2023 16:45;22;3;6;whatsapp;96;FALSE;FALSE;;TRUE;4;cintura;panico
02/02/2025 20:26;48;1;2;instagram;49;FALSE;FALSE;;FALSE;0;tornozelo;calmo
30/08/2024 17:57;22;3;6;190;20;TRUE;FALSE;;FALSE;3;cintura;calmo
06/02/2023 09:25;17;2;5;190;45;FALSE;FALSE;;TRUE;3;teto;panico
18/09/2021 10:20;5;2;1;190;110;FALSE;FALSE;;TRUE;2;cintura;panico
16/07/2020 16:50;34;3;1;whatsapp;19;TRUE;FALSE;;TRUE;4;teto;nervoso
14/01/2025 02:32;8;2;5;whatsapp;18;TRUE;FALSE;;TRUE;4;teto;panico
19/06/2020 23:25;37;3;1;instagram;47;TRUE;FALSE;;TRUE;3;cintura;panico
19/11/2021 00:14;13;1;5;instagram;72;FALSE;FALSE;;TRUE;1;tornozelo;nervoso
14/06/2022 09:08;20;3;6;190;115;FALSE;FALSE;;TRUE;3;tornozelo;calmo
18/08/2024 00:20;22;3;7;instagram;104;FALSE;FALSE;;FALSE;4;tornozelo;panico
14/12/2022 04:55;4;2;1;instagram;30;FALSE;FALSE;;TRUE;0;tornozelo;calmo
19/09/2025 10:18;27;3;8;190;73;FALSE;FALSE;;TRUE;3;cintura;calmo
08/12/2024 10:29;47;3;8;whatsapp;25;FALSE;FALSE;;FALSE;5;teto;panico
23/10/2021 21:20;16;2;9;instagram;65;TRUE;FALSE;;TRUE;4;tornozelo;panico
19/07/2021 19:02;32;4;8;190;21;FALSE;TRUE;;TRUE;6;teto;panico
28/03/2024 00:09;37;3;2;instagram;49;FALSE;FALSE;;TRUE;3;teto;calmo
18/05/2024 01:09;9;4;2;190;41;TRUE;FALSE;;TRUE;0;tornozelo;calmo
20/11/2024 04:20;12;2;9;190;52;TRUE;FALSE;;TRUE;2;cintura;calmo
07/07/2022 04:49;9;2;7;whatsapp;62;FALSE;FALSE;;FALSE;2;tornozelo;calmo
21/07/2021 00:57;11;3;5;whatsapp;20;FALSE;FALSE;;TRUE;1;cintura;nervoso
30/10/2024 23:59;24;3;9;instagram;115;FALSE;FALSE;;TRUE;3;cintura;nervoso
22/08/2020 03:21;46;2;8;190;99;FALSE;FALSE;;TRUE;0;cintura;calmo
24/01/2021 02:09;48;1;8;instagram;109;FALSE;FALSE;;TRUE;2;cintura;calmo
28/10/2021 11:41;1;2;9;190;31;TRUE;FALSE;;FALSE;2;tornozelo;calmo
20/03/2023 11:08;45;3;1;instagram;22;FALSE;FALSE;;TRUE;2;cintura;panico
21/10/2022 21:59;36;2;4;190;10;FALSE;FALSE;;TRUE;2;teto;nervoso
01/11/2024 21:30;4;3;4;whatsapp;17;TRUE;FALSE;;TRUE;4;teto;nervoso
22/03/2026 02:52;28;2;6;190;93;FALSE;TRUE;;FALSE;5;teto;nervoso
05/12/2022 01:08;26;2;4;whatsapp;16;FALSE;FALSE;;TRUE;2;teto;calmo
17/06/2022 00:13;11;3;7;instagram;105;FALSE;FALSE;;TRUE;0;cintura;calmo
12/03/2020 09:31;29;3;4;whatsapp;94;FALSE;TRUE;;TRUE;4;tornozelo;panico
06/05/2021 09:51;39;4;2;190;32;FALSE;FALSE;;TRUE;3;teto;nervoso
31/10/2024 03:44;6;4;1;instagram;38;FALSE;FALSE;;TRUE;1;cintura;nervoso
14/05/2020 01:20;48;3;4;whatsapp;3;FALSE;FALSE;;FALSE;4;teto;panico
05/02/2022 18:59;10;2;2;instagram;16;FALSE;FALSE;;TRUE;3;teto;panico
08/11/2020 14:01;41;2;5;whatsapp;79;FALSE;FALSE;;FALSE;1;tornozelo;nervoso
18/12/2025 13:46;41;2;7;whatsapp;4;FALSE;FALSE;;TRUE;1;tornozelo;calmo
20/05/2024 20:53;39;2;4;instagram;112;FALSE;FALSE;;TRUE;1;cintura;calmo
02/12/2021 20:43;40;2;3;whatsapp;104;TRUE;FALSE;;TRUE;2;tornozelo;nervoso
04/04/2022 21:27;23;4;6;whatsapp;69;TRUE;FALSE;;TRUE;4;cintura;nervoso
25/01/2026 21:41;42;3;2;whatsapp;103;TRUE;FALSE;;TRUE;4;tornozelo;panico
27/03/2024 13:19;22;3;6;whatsapp;4;FALSE;FALSE;;TRUE;2;cintura;nervoso
15/05/2022 19:57;19;3;1;instagram;29;FALSE;FALSE;;TRUE;1;cintura;calmo
20/12/2020 13:06;16;1;4;190;92;FALSE;TRUE;;TRUE;0;teto;calmo
25/10/2021 16:30;7;2;1;190;100;FALSE;TRUE;;TRUE;4;teto;nervoso
28/01/2022 11:24;41;0;3;190;40;FALSE;FALSE;;TRUE;0;cintura;nervoso
04/03/2026 09:15;4;1;3;instagram;66;TRUE;FALSE;;TRUE;4;teto;nervoso
20/07/2020 12:13;12;1;8;190;114;FALSE;FALSE;;TRUE;2;tornozelo;calmo
14/08/2021 13:03;9;3;4;instagram;60;FALSE;FALSE;;TRUE;2;tornozelo;panico
24/03/2023 06:17;21;2;6;190;117;FALSE;FALSE;;TRUE;3;cintura;panico
29/07/2022 09:30;47;2;3;instagram;51;FALSE;FALSE;;TRUE;1;tornozelo;panico
28/07/2021 07:35;28;2;4;190;66;FALSE;FALSE;;TRUE;1;cintura;calmo
22/05/2025 00:35;7;3;1;whatsapp;44;FALSE;FALSE;;TRUE;4;teto;panico
10/05/2022 07:12;32;2;5;instagram;51;FALSE;FALSE;;TRUE;2;teto;calmo
14/02/2026 17:26;6;3;9;190;9;FALSE;FALSE;;TRUE;4;teto;calmo
31/07/2020 00:13;38;1;1;instagram;103;TRUE;FALSE;;TRUE;3;tornozelo;panico
05/08/2021 12:22;39;3;6;190;39;FALSE;FALSE;;TRUE;3;tornozelo;panico
18/11/2024 12:26;48;3;3;190;18;FALSE;FALSE;;TRUE;1;cintura;nervoso
04/06/2022 20:56;1;2;3;instagram;101;FALSE;FALSE;;TRUE;0;cintura;calmo
19/04/2025 22:38;14;2;4;190;93;FALSE;FALSE;;TRUE;1;tornozelo;calmo
26/10/2022 01:39;32;2;9;instagram;55;FALSE;FALSE;;TRUE;1;tornozelo;calmo
26/10/2021 08:29;1;3;1;whatsapp;58;FALSE;FALSE;;TRUE;1;cintura;calmo
03/02/2024 15:21;8;3;2;whatsapp;5;FALSE;FALSE;;TRUE;4;teto;panico
11/02/2024 05:21;2;2;2;whatsapp;56;FALSE;FALSE;;FALSE;0;tornozelo;nervoso
27/11/2024 08:20;5;4;1;instagram;116;FALSE;FALSE;;TRUE;2;cintura;nervoso
09/05/2024 19:29;1;2;9;whatsapp;115;FALSE;FALSE;;TRUE;4;teto;nervoso
23/02/2022 23:49;29;3;5;190;97;FALSE;FALSE;;TRUE;2;cintura;calmo
08/03/2022 09:09;48;3;6;190;83;FALSE;FALSE;;TRUE;0;teto;nervoso
22/02/2024 22:47;25;4;9;instagram;1;FALSE;FALSE;;TRUE;2;cintura;nervoso
17/12/2020 22:03;21;4;4;whatsapp;41;FALSE;FALSE;;TRUE;2;cintura;panico
02/09/2022 02:45;36;2;2;whatsapp;44;FALSE;FALSE;;TRUE;0;cintura;calmo
15/11/2020 03:06;7;4;4;whatsapp;85;FALSE;FALSE;;TRUE;5;teto;panico
22/02/2026 10:45;19;3;1;whatsapp;116;FALSE;FALSE;;TRUE;4;teto;nervoso
08/10/2020 08:36;1;1;8;instagram;104;FALSE;FALSE;;TRUE;0;teto;nervoso
17/10/2024 11:31;19;3;5;190;102;FALSE;FALSE;;TRUE;5;teto;panico
11/11/2025 08:20;10;2;1;whatsapp;5;FALSE;FALSE;;TRUE;0;tornozelo;calmo
11/02/2023 14:08;14;1;4;190;55;FALSE;FALSE;;TRUE;1;cintura;panico
05/09/2023 20:19;49;4;1;whatsapp;70;FALSE;FALSE;;TRUE;2;cintura;calmo
04/07/2022 22:39;3;3;9;190;90;FALSE;FALSE;;FALSE;4;tornozelo;panico
15/08/2024 02:24;16;2;1;190;77;FALSE;FALSE;;TRUE;0;tornozelo;panico
01/01/2024 23:01;16;2;2;instagram;46;FALSE;FALSE;;TRUE;0;tornozelo;nervoso
11/09/2023 19:24;15;3;3;instagram;14;FALSE;FALSE;;TRUE;1;cintura;calmo
03/11/2020 18:28;16;1;1;190;97;TRUE;FALSE;;TRUE;5;teto;panico
21/11/2024 21:37;49;2;8;instagram;18;FALSE;FALSE;;TRUE;1;cintura;nervoso
02/02/2024 15:01;4;3;8;190;60;FALSE;TRUE;;TRUE;5;teto;nervoso
20/08/2024 21:22;45;2;2;whatsapp;54;FALSE;FALSE;;TRUE;0;teto;nervoso
15/08/2021 23:07;5;3;8;instagram;31;TRUE;FALSE;;TRUE;3;tornozelo;calmo
04/08/2024 16:16;28;2;9;instagram;29;FALSE;FALSE;;FALSE;1;tornozelo;nervoso
08/03/2022 17:51;1;4;3;190;51;FALSE;FALSE;;TRUE;1;cintura;nervoso
25/01/2023 10:05;27;2;7;instagram;23;TRUE;FALSE;;TRUE;5;teto;panico
02/02/2023 11:36;29;3;6;190;45;FALSE;FALSE;;TRUE;3;tornozelo;panico
11/02/2026 09:09;37;5;4;whatsapp;64;FALSE;FALSE;;FALSE;3;tornozelo;panico
14/08/2022 17:39;41;2;6;whatsapp;60;FALSE;FALSE;;TRUE;1;tornozelo;nervoso
07/06/2025 11:48;26;2;8;whatsapp;99;FALSE;FALSE;;TRUE;2;cintura;nervoso
23/12/2021 12:13;15;2;1;instagram;57;FALSE;FALSE;;TRUE;0;cintura;nervoso
16/11/2025 20:43;37;3;3;instagram;47;TRUE;FALSE;;TRUE;3;cintura;panico
25/07/2020 23:27;16;1;3;whatsapp;12;TRUE;FALSE;;FALSE;1;tornozelo;calmo
14/11/2023 03:46;15;3;5;190;25;TRUE;FALSE;;TRUE;4;teto;nervoso
12/05/2023 11:49;33;4;1;whatsapp;102;FALSE;FALSE;;TRUE;2;tornozelo;nervoso
01/04/2020 11:32;48;5;4;whatsapp;70;FALSE;FALSE;;TRUE;4;teto;calmo
30/08/2021 17:30;49;3;3;whatsapp;90;TRUE;FALSE;;TRUE;3;cintura;calmo
28/09/2022 00:31;39;3;5;instagram;44;FALSE;FALSE;;FALSE;1;tornozelo;calmo
17/11/2025 06:43;21;5;3;instagram;48;FALSE;TRUE;;TRUE;3;tornozelo;panico
02/08/2025 00:50;31;1;4;whatsapp;46;TRUE;FALSE;;TRUE;0;cintura;nervoso
28/06/2022 00:21;16;3;7;whatsapp;24;TRUE;FALSE;;TRUE;4;cintura;panico
14/07/2025 14:00;41;3;5;whatsapp;84;FALSE;FALSE;;TRUE;5;teto;panico
06/01/2025 16:22;37;2;4;190;25;FALSE;FALSE;;TRUE;0;tornozelo;nervoso
25/11/2020 12:39;43;2;2;190;102;TRUE;FALSE;;TRUE;2;tornozelo;calmo
02/09/2020 12:55;7;4;1;whatsapp;41;FALSE;FALSE;;TRUE;1;cintura;nervoso
07/11/2025 15:32;27;1;4;whatsapp;9;FALSE;TRUE;;TRUE;1;cintura;calmo
14/08/2022 18:57;37;2;6;190;45;FALSE;FALSE;;TRUE;1;cintura;nervoso
03/12/2025 02:13;20;2;8;whatsapp;88;FALSE;FALSE;;TRUE;4;teto;nervoso
10/03/2024 12:21;29;2;7;instagram;25;FALSE;FALSE;;TRUE;1;cintura;calmo
26/08/2024 04:54;18;3;7;instagram;100;FALSE;FALSE;;TRUE;4;tornozelo;panico
15/06/2024 12:53;5;3;9;190;69;FALSE;FALSE;;TRUE;4;tornozelo;panico
24/11/2022 15:51;2;4;9;190;119;TRUE;FALSE;;TRUE;4;tornozelo;calmo
25/03/2020 18:53;24;2;9;190;30;FALSE;FALSE;;TRUE;3;teto;calmo
25/05/2021 06:48;24;3;2;whatsapp;101;FALSE;FALSE;;TRUE;2;tornozelo;calmo
13/07/2021 10:37;33;3;5;190;34;FALSE;FALSE;;TRUE;4;teto;panico
31/12/2023 18:23;19;2;6;instagram;4;FALSE;FALSE;;TRUE;3;teto;nervoso
10/11/2022 08:56;46;3;7;190;21;FALSE;FALSE;;TRUE;2;cintura;nervoso
09/09/2025 11:40;37;2;4;190;51;FALSE;FALSE;;TRUE;1;tornozelo;panico
20/05/2024 11:02;2;3;8;instagram;113;FALSE;TRUE;;TRUE;6;teto;nervoso
21/03/2021 10:26;9;2;7;instagram;106;FALSE;FALSE;;TRUE;2;cintura;calmo
11/10/2024 18:31;8;3;7;whatsapp;24;FALSE;FALSE;;TRUE;2;tornozelo;calmo
21/01/2025 01:00;47;0;7;whatsapp;94;FALSE;FALSE;;TRUE;4;teto;nervoso
18/10/2025 07:18;30;2;2;instagram;91;FALSE;FALSE;;FALSE;1;tornozelo;calmo
02/03/2026 03:54;8;3;7;190;79;FALSE;FALSE;;TRUE;0;tornozelo;nervoso
11/07/2023 01:21;37;4;1;190;42;FALSE;FALSE;;TRUE;3;teto;nervoso
14/12/2023 12:41;13;2;6;instagram;25;TRUE;FALSE;;TRUE;4;teto;calmo
24/03/2023 02:41;5;4;7;whatsapp;75;FALSE;TRUE;;FALSE;6;teto;calmo
14/08/2024 07:15;1;4;7;whatsapp;59;FALSE;FALSE;;TRUE;3;cintura;panico
10/04/2025 20:59;0;2;7;whatsapp;41;TRUE;FALSE;;TRUE;0;cintura;calmo
28/09/2024 09:00;38;2;8;whatsapp;99;TRUE;FALSE;;TRUE;3;cintura;nervoso
19/07/2022 03:36;14;2;1;whatsapp;53;FALSE;FALSE;;TRUE;2;teto;calmo
25/01/2025 08:20;31;2;3;whatsapp;0;FALSE;FALSE;;FALSE;1;tornozelo;panico
15/05/2025 08:04;46;4;5;whatsapp;73;FALSE;FALSE;;TRUE;4;teto;nervoso
23/04/2020 13:10;46;4;7;190;50;FALSE;FALSE;;FALSE;5;teto;panico
23/09/2022 06:53;0;1;8;190;74;FALSE;FALSE;;TRUE;2;tornozelo;calmo
22/09/2023 20:26;26;2;2;190;38;FALSE;TRUE;;TRUE;3;teto;nervoso
11/03/2022 15:14;45;3;2;whatsapp;83;FALSE;TRUE;;TRUE;6;teto;panico
14/01/2024 19:49;31;1;2;whatsapp;116;FALSE;FALSE;;TRUE;4;teto;panico
31/12/2020 10:51;32;1;5;190;52;FALSE;FALSE;;TRUE;1;tornozelo;panico
24/04/2020 15:19;39;2;5;whatsapp;37;TRUE;FALSE;;TRUE;3;teto;nervoso
03/06/2025 12:19;39;4;4;190;12;TRUE;FALSE;;FALSE;5;teto;panico
21/12/2024 05:35;41;4;9;190;73;FALSE;FALSE;;TRUE;0;cintura;panico
14/02/2022 02:25;14;1;5;instagram;85;FALSE;FALSE;;TRUE;0;cintura;nervoso
22/05/2020 20:21;9;2;1;whatsapp;27;FALSE;FALSE;;FALSE;0;tornozelo;calmo
17/10/2023 11:16;6;0;6;instagram;34;TRUE;FALSE;;FALSE;2;tornozelo;nervoso
11/11/2021 23:34;14;2;4;instagram;113;FALSE;FALSE;;TRUE;1;cintura;nervoso
19/10/2024 01:24;37;2;1;instagram;110;TRUE;FALSE;;TRUE;4;teto;nervoso
27/04/2024 15:07;47;1;7;whatsapp;85;FALSE;FALSE;;TRUE;0;tornozelo;panico
28/01/2025 08:18;14;3;6;instagram;39;FALSE;TRUE;;TRUE;4;cintura;panico
10/11/2023 16:57;17;2;9;whatsapp;56;FALSE;FALSE;;TRUE;1;tornozelo;calmo
02/10/2025 19:58;36;3;5;whatsapp;104;TRUE;TRUE;;TRUE;6;teto;nervoso
22/03/2022 22:29;1;2;7;whatsapp;5;FALSE;FALSE;;TRUE;3;teto;nervoso
25/11/2023 02:04;33;2;5;190;81;FALSE;FALSE;;FALSE;3;teto;nervoso
01/02/2026 18:18;28;1;2;190;72;FALSE;FALSE;;TRUE;1;tornozelo;calmo
24/12/2024 17:52;34;2;4;instagram;35;FALSE;FALSE;;TRUE;0;tornozelo;nervoso
30/01/2023 02:29;16;1;7;instagram;5;FALSE;FALSE;;TRUE;2;tornozelo;panico
02/08/2020 09:18;42;3;4;whatsapp;80;FALSE;FALSE;;TRUE;2;cintura;nervoso
05/07/2022 23:37;1;2;4;whatsapp;96;TRUE;FALSE;;TRUE;2;cintura;calmo
03/11/2022 17:31;17;2;1;instagram;88;FALSE;FALSE;;TRUE;1;cintura;nervoso
13/03/2026 18:05;16;1;8;whatsapp;59;TRUE;FALSE;;TRUE;3;tornozelo;panico
23/07/2023 22:39;28;4;5;whatsapp;72;FALSE;FALSE;;TRUE;4;teto;calmo
03/03/2026 22:51;16;2;6;instagram;78;FALSE;FALSE;;TRUE;2;tornozelo;calmo
23/01/2026 14:29;20;3;6;whatsapp;27;FALSE;FALSE;;TRUE;5;teto;panico
29/03/2025 20:55;30;2;7;190;82;FALSE;FALSE;;FALSE;2;tornozelo;nervoso
09/01/2026 03:29;16;0;7;190;14;FALSE;FALSE;;TRUE;1;tornozelo;calmo
02/05/2020 19:26;37;1;5;whatsapp;56;FALSE;FALSE;;TRUE;2;teto;calmo
14/08/2022 09:25;14;1;6;instagram;0;FALSE;FALSE;;FALSE;0;teto;calmo
17/01/2020 15:47;23;4;8;190;101;FALSE;FALSE;;TRUE;4;tornozelo;panico
06/12/2021 20:22;23;2;7;instagram;84;FALSE;TRUE;;TRUE;4;cintura;panico
07/03/2023 11:34;41;2;9;190;44;TRUE;FALSE;;TRUE;4;teto;nervoso
